Name,Subtotal,Shipping,Taxes,Total,Created at,Billing City,Billing Zip,Billing Province,Billing Country
#1030,88.88,11.75,9.15,100.63,2014-11-25 14:45:53 +1100,Darwin,'0812,NT,AU
#1948,14.99,10.3,2.3,25.29,2016-12-13 11:45:08 +1100,Darwin,'0820,NT,AU
#2104,57.98,15.2,6.65,73.18,2017-04-24 20:43:35 +1000,Wadeye,'0822,NT,AU
#1848,18,0,0,18,2016-12-01 12:50:19 +1100,BELLAMACK,'0832,NT,AU
#1847,19.99,14.45,3.13,34.44,2016-12-01 11:08:28 +1100,JOHNSTON,'0832,NT,AU
#1844,59.99,23.75,7.61,83.74,2016-11-30 08:24:48 +1100,BELLAMACK,'0832,NT,AU
#1168,29.97,14.45,4.04,44.42,2015-07-16 15:24:33 +1000,Johnston,'0832,NT,AU
#1270,40.8,13.05,4.9,53.85,2015-11-14 21:39:59 +1100,Howard Springs,'0835,NT,AU
#1897,34.99,13.05,4.37,48.04,2016-12-07 16:11:26 +1100,Berry Springs,'0838,NT,AU
#1983,35.93,10.3,4.2,46.23,2017-01-05 18:12:06 +1100,Alice Springs,'0870,NT,AU
#1124,58.5,11.8,6.39,70.3,2015-05-15 13:48:58 +1000,Alice Springs,'0870,NT,AU
#1888,74.97,23.75,8.97,98.72,2016-12-06 18:10:28 +1100,Nhulunbuy,'0881,NT,AU
#1125,94.36,13.05,9.76,107.41,2015-05-16 18:00:09 +1000,Nhulunbuy,'0881,NT,AU
#1749,29.99,8,3.45,37.99,2016-11-09 21:17:35 +1100,Jabiru,'0886,NT,AU
#1734,138.87,34,15.72,172.87,2016-11-04 13:23:16 +1100,JABIRU,'0886,NT,AU
#1378,70.29,16.25,7.87,86.54,2015-12-18 08:30:22 +1100,Australis Square,'1215,NSW,AU
#1183,22.95,8,0.73,30.95,2015-08-08 14:52:18 +1000,Ingleburn,'1890,NSW,AU
#2022,32.99,9.79,3.89,42.78,2017-02-05 19:26:09 +1100,Sydney,'2000,NSW,AU
#1409,17.95,8,1.63,17.95,2016-01-20 13:20:26 +1100,Sydney,'2000,NSW,AU
#1408,82.88,30,7.53,82.88,2016-01-20 11:04:33 +1100,Sydney,'2000,NSW,AU
#1318,85.94,30,10.54,115.94,2015-12-02 11:16:14 +1100,SYDNEY,'2000,NSW,AU
#1276,21.85,30,4.71,51.85,2015-11-17 09:50:15 +1100,Sydney,'2000,NSW,AU
#1201,31.99,13.05,4.09,45.04,2015-09-06 19:19:33 +1000,Sydney,'2000,NSW,AU
#1112,25.95,7.5,0.68,33.45,2015-04-28 11:10:54 +1000,Sydney,'2000,NSW,AU
#1022,49.95,7.5,5.22,57.45,2014-11-12 21:42:08 +1100,sydney,'2000,NT,AU
#1359,57.98,16.25,6.75,74.23,2015-12-12 11:52:14 +1100,Sydney,'2001,NSW,AU
#1576,9.95,10.3,1.84,20.25,2016-08-08 14:11:26 +1000,Sydney,'2007,NSW,AU
#2089,49.98,8.2,5.29,58.18,2017-03-31 09:59:35 +1100,Pyrmont Sydney,'2009,NSW,AU
#1255,63.92,16.25,7.29,80.17,2015-11-04 13:15:42 +1100,Pyrmont,'2009,NSW,AU
#1619,24.99,8,3,32.99,2016-09-01 12:31:07 +1000,sydney,'2010,NSW,AU
#1740,85.17,13.05,8.93,98.22,2016-11-07 14:54:43 +1100,Elizabeth Bay,'2011,NSW,AU
#1390,9.95,0,0.9,9.95,2015-12-23 13:28:52 +1100,Alexandria,'2015,NSW,AU
#1389,34.4,13.05,3.13,34.4,2015-12-23 13:00:53 +1100,Alexandria,'2015,NSW,AU
#1082,23.95,11.8,3.25,35.75,2015-02-20 15:21:19 +1100,Alexandria,'2015,NSW,AU
#1259,39.9,16.25,5.1,56.15,2015-11-05 13:48:18 +1100,Redfern,'2016,NSW,AU
#1054,19.95,20,3.63,39.95,2014-12-17 20:23:57 +1100,Sydney,'2017,NSW,AU
#1981,53.98,13.05,6.09,67.03,2016-12-28 14:58:41 +1100,Rosebery,'2018,NSW,AU
#1465,35.7,14.45,4.56,50.15,2016-05-21 10:13:46 +1000,MASCOT,'2020,NSW,AU
#1455,44.45,13.05,5.23,57.5,2016-05-06 19:36:47 +1000,Mascot,'2020,NSW,AU
#1197,39.9,16.25,5.1,56.15,2015-08-30 19:31:51 +1000,Mascot,'2020,NSW,AU
#1153,62.95,25,8,87.95,2015-06-22 18:35:26 +1000,Mascot,'2020,NSW,AU
#1497,16.95,10.3,2.48,27.25,2016-06-14 06:34:45 +1000,Paddington Sydney ,'2021,NSW,AU
#1688,89.01,13.05,9.28,102.06,2016-10-03 11:03:02 +1100,Queens park,'2022,NSW,AU
#1325,22.99,13.05,3.28,36.04,2015-12-04 15:28:20 +1100,Bondi Junction,'2022,NSW,AU
#1100,17.95,7.5,2.31,25.45,2015-04-13 12:56:15 +1000,Waverley,'2024,NSW,AU
#1075,64.9,14.75,7.24,79.65,2015-01-31 11:59:26 +1100,Bronte,'2024,NSW,AU
#1958,78.97,23.75,9.34,102.72,2016-12-14 12:55:27 +1100,Sydney,'2026,NSW,AU
#1088,60.72,13.05,6.71,73.77,2015-03-10 08:33:05 +1100,Bondi,'2026,NSW,AU
#1021,23.95,12.5,3.31,36.45,2014-11-12 13:36:55 +1100,Edgecliff,'2027,NSW,AU
#1492,43.39,14.45,5.26,57.84,2016-06-10 13:42:20 +1000,Dover Heights,'2030,NSW,AU
#1951,31.99,13.05,4.09,45.04,2016-12-13 14:18:50 +1100,Randwick,'2031,NSW,AU
#1332,24.99,8,3,32.99,2015-12-06 08:34:31 +1100,Randwick,'2031,NSW,AU
#1137,109.95,25,12.27,134.95,2015-06-05 22:14:48 +1000,Clovelly,'2031,NSW,AU
#1887,29.95,8,3.45,37.95,2016-12-06 17:30:07 +1100,Daceyville,'2032,NSW,AU
#1902,112.95,14.45,11.58,127.4,2016-12-08 08:16:30 +1100,Coogee,'2034,NSW,AU
#1719,160.87,16.65,16.14,177.52,2016-10-23 08:57:07 +1100,South Coogee,'2034,NSW,AU
#1973,31.98,10.3,3.84,42.28,2016-12-17 19:24:41 +1100,Maroubra,'2035,NSW,AU
#1165,86.29,14.45,9.16,100.74,2015-07-08 20:48:38 +1000,Glebe,'2037,NSW,AU
#2067,51.97,24.15,6.92,76.12,2017-03-14 22:15:00 +1100,Annandale,'2038,NSW,AU
#1421,86,14.45,9.13,100.45,2016-02-19 10:01:41 +1100,Sydney,'2039,NSW,AU
#1074,23.95,11.75,3.25,35.7,2015-01-29 19:12:51 +1100,Balmain,'2041,NSW,AU
#1440,39.95,13.05,3.63,39.95,2016-03-30 17:24:44 +1100,Newtown,'2042,NSW,AU
#1376,10.89,13.05,2.18,23.94,2015-12-17 12:46:28 +1100,Enmore,'2042,NSW,AU
#1751,54.98,13.05,6.18,68.03,2016-11-10 11:31:39 +1100,Erskineville ,'2043,NSW,AU
#1362,23.99,8,0.73,31.99,2015-12-13 03:23:36 +1100,Tempe,'2044,NSW,AU
#1417,177.47,23.15,18.24,200.62,2016-01-31 21:07:30 +1100,Abbotsford,'2046,NSW,AU
#1159,116.69,16.25,12.09,132.94,2015-07-01 13:30:21 +1000,Sydney,'2046,NSW,AU
#1129,62.54,14.7,7.02,77.24,2015-05-26 19:02:04 +1000,Five dock,'2046,NSW,AU
#1568,47.54,13.05,5.51,60.59,2016-08-04 09:35:51 +1000,Lewisham,'2049,NSW,AU
#1611,72.67,13.05,7.79,85.72,2016-08-27 23:40:18 +1000,Camperdown,'2050,NSW,AU
#1485,28.99,13.05,2.64,28.99,2016-06-04 11:16:08 +1000,North Sydney,'2060,NSW,AU
#1284,9.95,8,1.63,17.95,2015-11-20 17:29:35 +1100,North Sydney,'2060,NSW,AU
#1220,16.9,8,1.54,16.9,2015-10-08 13:31:47 +1100,North Sydney,'2060,NSW,AU
#1147,44.9,14.7,5.42,59.6,2015-06-15 21:54:07 +1000,North Sydney,'2060,NSW,AU
#1797,67.96,14.45,7.49,82.41,2016-11-22 07:22:34 +1100,KIRRIBILLI,'2061,NSW,AU
#1439,32.95,16.25,4.47,49.2,2016-03-29 19:23:08 +1100,Kirribilli,'2061,NSW,AU
#1853,37.94,13.05,4.64,50.99,2016-12-02 00:48:22 +1100,Northbridge,'2063,NSW,AU
#2106,114.92,24.15,12.64,139.07,2017-04-29 12:43:16 +1000,Wollstonecraft,'2065,NSW,AU
#2045,62.98,13.4,6.94,76.38,2017-02-26 18:08:14 +1100,Greenwich,'2065,NSW,AU
#1896,19.94,13.05,3,32.99,2016-12-07 15:46:35 +1100,Lane Cove,'2066,NSW,AU
#1169,40.55,14.45,5,55,2015-07-17 12:56:27 +1000,Lane Cove North,'2066,NSW,AU
#1083,49.9,11.8,4.54,49.9,2015-02-24 20:24:17 +1100,Lane Cove,'2066,NSW,AU
#1420,114.77,14.45,11.75,129.22,2016-02-11 21:40:05 +1100,Willoughby,'2068,NSW,AU
#1109,25.95,7.5,0.68,33.45,2015-04-25 09:24:16 +1000,Castlecrag,'2068,NSW,AU
#1047,40.85,11.75,4.78,52.6,2014-12-10 14:20:16 +1100,West Pymble,'2073,NSW,AU
#1578,17.95,12.99,2.81,30.94,2016-08-09 16:52:10 +1000,South Turramurra,'2074,NSW,AU
#1742,64.92,13.05,7.09,77.97,2016-11-08 09:56:49 +1100,Normanhurst ,'2076,NSW,AU
#1667,58.48,13.05,6.5,71.53,2016-09-21 14:06:25 +1000,Wahroonga,'2076,NSW,AU
#1704,107.77,16.65,11.31,124.42,2016-10-09 22:02:22 +1100,Hornsby,'2077,NSW,AU
#1659,39.95,8,4.36,47.95,2016-09-18 13:54:36 +1000,Hornsby heights,'2077,NSW,AU
#1618,84.98,13.05,4.37,98.03,2016-09-01 11:19:09 +1000,Waitara,'2077,NSW,AU
#1346,68.89,16.25,7.74,85.14,2015-12-09 21:49:56 +1100,Waitara,'2077,NSW,AU
#1221,72.04,13.05,7.74,85.09,2015-10-09 08:01:16 +1100,Asquith,'2077,NSW,AU
#2065,172,34,15.64,172,2017-03-13 12:14:45 +1100,Terrey Hills ,'2084,NSW,AU
#2079,34.94,13.4,4.39,48.34,2017-03-24 22:29:37 +1100,Sydney,'2085,NSW,AU
#1993,19.99,13.4,3.04,33.39,2017-01-11 14:00:34 +1100,Forestville,'2087,NSW,AU
#1946,31.99,14.45,4.22,46.44,2016-12-13 10:56:56 +1100,Spit Junction,'2088,NSW,AU
#1673,18.99,8,2.45,26.99,2016-09-25 18:28:57 +1000,Sydney,'2088,NSW,AU
#1597,147.43,14.45,14.72,161.88,2016-08-18 13:32:08 +1000,Mosman,'2088,NSW,AU
#1337,32.95,16.25,4.47,49.2,2015-12-07 14:54:15 +1100,Mosman,'2088,NSW,AU
#1893,110.02,13.05,10,110.02,2016-12-07 07:23:04 +1100,NEUTRAL BAY,'2089,NSW,AU
#1587,70.8,13.05,7.62,83.85,2016-08-12 11:22:06 +1000,Neutral Bay,'2089,NSW,AU
#1952,36.99,8,4.09,44.99,2016-12-13 14:33:01 +1100,Cremorne Point,'2090,NSW,AU
#1693,65.97,13.05,7.18,79.02,2016-10-04 21:53:11 +1100,Cremorne Point,'2090,NSW,AU
#1384,34.9,8,3.17,34.9,2015-12-21 16:46:29 +1100,Cremorne Point,'2090,NSW,AU
#1317,38.2,13.05,4.66,51.25,2015-12-02 11:05:54 +1100,Cremorne Point,'2090,NSW,AU
#1105,75.7,14.7,8.22,90.4,2015-04-16 09:44:45 +1000,Seaforth,'2092,NSW,AU
#1345,107.57,16.25,11.26,123.82,2015-12-09 21:47:35 +1100,Manly,'2095,NSW,AU
#1637,47.98,13.05,5.55,61.03,2016-09-08 11:16:50 +1000,Freshwater,'2096,NSW,AU
#1400,93.54,14.45,9.82,107.99,2016-01-07 20:10:49 +1100,Collaroy Plateu,'2097,NSW,AU
#1855,67.93,14.45,7.49,82.38,2016-12-02 15:31:35 +1100,Dee Why,'2099,NSW,AU
#1196,29.99,10.3,3.66,40.29,2015-08-28 16:23:58 +1000,"Dee Why, Sydney",'2099,NSW,AU
#1759,6.95,9.79,1.52,16.74,2016-11-11 23:32:10 +1100,Beacon Hill,'2100,NSW,AU
#1437,29.99,8,3.45,37.99,2016-03-20 20:55:34 +1100,allambie heights,'2100,NSW,AU
#1869,60.88,13.05,6.72,73.93,2016-12-04 13:43:37 +1100,Elanora Heights,'2101,NSW,AU
#1629,27.18,8,3.2,35.18,2016-09-04 22:40:17 +1000,NEWPORT,'2106,NSW,AU
#1458,24.99,8,2.27,24.99,2016-05-12 13:57:15 +1000,Avalon,'2107,NSW,AU
#1484,44.99,13.05,4.09,44.99,2016-06-04 11:07:48 +1000,Hunters Hill,'2110,NSW,AU
#1483,22.85,13.05,2.08,22.85,2016-06-04 11:02:19 +1000,Hunters Hill,'2110,NSW,AU
#1110,24.35,13.05,3.4,37.4,2015-04-26 17:18:07 +1000,Hunters Hill,'2110,NSW,AU
#1906,24.99,8,3,32.99,2016-12-08 10:07:19 +1100,Gladesville,'2111,NSW,AU
#1451,0,8,0.73,8,2016-04-26 15:47:37 +1000,Boronia Park,'2111,NSW,AU
#1342,48.98,13.05,5.64,62.03,2015-12-09 13:31:40 +1100,Sydney,'2111,NSW,AU
#1899,29.94,8,3.45,37.94,2016-12-07 16:38:47 +1100,North Ryde,'2113,NSW,AU
#1757,49.98,8,5.27,57.98,2016-11-11 18:59:02 +1100,Telopea,'2117,NSW,AU
#1418,25.98,14.45,3.68,40.43,2016-02-03 19:23:32 +1100,Dundas Valley,'2117,NSW,AU
#1230,8.99,8,1.54,16.99,2015-10-15 10:05:19 +1100,Oatlands,'2117,NSW,AU
#1650,166.19,34,18.2,200.19,2016-09-13 10:22:07 +1000,Sydney,'2120,NSW,AU
#1950,152.44,34,16.95,186.44,2016-12-13 13:34:10 +1100,West Pennant Hills,'2125,NSW,AU
#1608,6.99,8,1.36,14.99,2016-08-27 12:34:22 +1000,West Pennant Hills,'2125,NSW,AU
#1714,38.99,9.79,4.43,48.78,2016-10-20 11:36:28 +1100,Cherrybrook,'2126,NSW,AU
#1108,42.9,11.8,2.61,54.7,2015-04-19 14:33:15 +1000,Cherrybrook ,'2126,NSW,AU
#1741,19.99,13.05,3,33.04,2016-11-08 08:32:06 +1100,Sydney Olympic Park,'2127,NSW,AU
#1464,69.98,14.45,3.13,84.43,2016-05-19 19:19:39 +1000,Wentworth Point,'2127,NSW,AU
#1638,28.19,13.05,3.75,41.24,2016-09-09 15:09:52 +1000,Summer hill,'2130,NSW,AU
#1144,57.85,20.85,7.15,78.7,2015-06-13 13:51:40 +1000,Wentworth Point,'2131,NSW,AU
#1628,60.97,16.65,7.06,77.62,2016-09-04 20:41:32 +1000,Sydney,'2132,NSW,AU
#2105,90.87,13.4,9.48,104.27,2017-04-25 16:11:37 +1000,Sydney,'2135,NSW,AU
#1381,46.9,16.25,4.26,46.9,2015-12-19 17:40:36 +1100,Strathfield South,'2136,NSW,AU
#1980,7.99,9.79,1.62,17.78,2016-12-28 10:32:10 +1100,Concord,'2137,NSW,AU
#1859,40.98,13.05,4.91,54.03,2016-12-03 13:26:39 +1100,Concord,'2137,NSW,AU
#1385,24.99,13.05,2.27,24.99,2015-12-21 17:01:36 +1100,Concord,'2137,NSW,AU
#1226,75.74,25,9.16,100.74,2015-10-12 18:06:58 +1100,Sydney,'2137,NSW,AU
#1177,123.09,14.45,12.5,137.54,2015-07-31 19:12:47 +1000,concord west,'2138,NSW,AU
#1113,36.98,11.8,4.43,48.78,2015-04-29 19:20:02 +1000,Rhodes,'2138,NSW,AU
#1849,154.32,13.05,15.22,167.37,2016-12-01 19:02:16 +1100,SOUTH WENTWORTHVILLE,'2145,NSW,AU
#1739,25.49,9.79,3.21,35.28,2016-11-07 13:43:14 +1100,Toongabbie,'2146,NSW,AU
#1529,88.68,14.45,9.38,103.13,2016-07-04 17:05:13 +1000,Old Toongabbie,'2146,NSW,AU
#1813,12.94,8,1.9,20.94,2016-11-24 13:23:08 +1100,Seven Hills,'2147,NSW,AU
#1745,34.99,9.79,4.07,44.78,2016-11-08 14:26:18 +1100,Seven Hills,'2147,NSW,AU
#1956,30.98,14.45,4.13,45.43,2016-12-14 02:54:27 +1100,Parramatta,'2150,NSW,AU
#1722,19.95,8,2.54,27.95,2016-10-24 15:06:35 +1100,Parramatta,'2150,NSW,AU
#1662,21.9,16.65,3.5,38.55,2016-09-19 12:19:01 +1000,Parramatta,'2150,NSW,AU
#1661,33.91,16.65,4.6,50.56,2016-09-19 12:10:29 +1000,Parramatta,'2150,NSW,AU
#1660,109.95,16.65,11.51,126.6,2016-09-19 12:05:28 +1000,Parramatta   ,'2150,NSW,AU
#1658,39.94,13.05,4.82,52.99,2016-09-18 11:06:38 +1000,Parramatta,'2150,NSW,AU
#1192,61.94,13.05,6.82,74.99,2015-08-21 21:16:52 +1000,Parramatta,'2150,NSW,AU
#1256,14.95,8,2.09,22.95,2015-11-04 14:06:01 +1100,Northmead,'2152,NSW,AU
#1449,34.15,16.65,4.62,50.8,2016-04-21 09:40:32 +1000,Baulkham Hills,'2153,NSW,AU
#1445,26.97,8,3.18,34.97,2016-04-12 20:59:55 +1000,Baulkham Hills,'2153,NSW,AU
#1364,44.99,14.45,5.4,59.44,2015-12-13 17:39:51 +1100,Bella Vista,'2153,NSW,AU
#1682,77.72,16.65,8.58,94.37,2016-10-01 08:55:22 +1000,CASTLE HILL,'2154,NSW,AU
#2078,169.92,17,16.99,186.92,2017-03-24 15:54:59 +1100,Kellyville,'2155,NSW,AU
#1639,53.18,14.45,6.15,67.63,2016-09-09 16:35:56 +1000,Guildford,'2161,NSW,AU
#2001,25.95,8.2,3.1,34.15,2017-01-17 12:06:11 +1100,Wetherill Park,'2164,NSW,AU
#1537,44.35,14.45,5.35,58.8,2016-07-12 11:33:34 +1000,Canley Vale,'2166,NSW,AU
#1407,61.27,13.05,6.76,74.32,2016-01-20 06:30:59 +1100,Canley Heights,'2166,NSW,AU
#1392,114.4,13.05,11.59,127.45,2015-12-27 08:41:54 +1100,Canley Heights,'2166,NSW,AU
#1687,26.95,7.99,3.18,34.94,2016-10-02 22:26:08 +1100,Prestons,'2170,NSW,AU
#1289,141.98,30,15.63,171.98,2015-11-22 20:17:18 +1100,Moorebank,'2170,NSW,AU
#1170,32.95,13.05,4.18,46,2015-07-20 12:17:09 +1000,Hammondville,'2170,NSW,AU
#1092,107.85,20.85,11.7,128.7,2015-03-25 18:45:50 +1100,Leppington,'2179,NSW,AU
#1547,19.99,10.3,2.75,30.29,2016-07-20 11:12:58 +1000,Greenacre,'2190,NSW,AU
#2048,25.95,13.4,3.58,39.35,2017-03-01 12:03:34 +1100,Campsie,'2194,NSW,AU
#2066,28.94,17,4.18,45.94,2017-03-14 19:55:31 +1100,ROSELANDS,'2196,NSW,AU
#1198,39.95,8,4.36,47.95,2015-09-02 10:04:59 +1000,condell park,'2200,NSW,AU
#1096,62.91,14.7,7.05,77.61,2015-04-09 17:19:21 +1000,Marrickville ,'2204,NSW,AU
#1988,20.99,8,2.64,28.99,2017-01-07 12:39:40 +1100,Sydney,'2206,NSW,AU
#1691,19.95,8,2.54,27.95,2016-10-04 13:40:30 +1100,Earlwood,'2206,NSW,AU
#1811,21.99,9.79,2.89,31.78,2016-11-24 07:16:11 +1100,Bexley North,'2207,NSW,AU
#1271,44.99,14.45,5.4,59.44,2015-11-15 00:16:15 +1100,Bardwell Valley,'2207,NSW,AU
#2082,101.92,15.2,10.65,117.12,2017-03-25 23:05:33 +1100,Narwee,'2209,NSW,AU
#1380,114.87,30,13.17,144.87,2015-12-19 12:25:12 +1100,Peakhurst Heights,'2210,NSW,AU
#1164,78.93,14.45,8.49,93.38,2015-07-08 14:29:32 +1000,Padstow,'2211,NSW,AU
#1245,25.9,13.05,3.54,38.95,2015-10-30 07:50:25 +1100,Revesby,'2212,NSW,AU
#1077,46.8,14.75,5.6,61.55,2015-02-03 20:42:40 +1100,Revesby,'2212,NSW,AU
#1508,83.9,13.05,8.81,96.95,2016-06-18 22:02:08 +1000,Rockdale ,'2216,NSW,AU
#1481,106.6,30,12.42,136.6,2016-06-03 22:14:09 +1000,Rockdale,'2216,NSW,AU
#1160,51,14.45,5.95,65.45,2015-07-05 21:00:35 +1000,ROCKDALE,'2216,NSW,AU
#1593,24.99,13.05,2.27,24.99,2016-08-16 13:57:37 +1000,Sydney,'2217,NSW,AU
#1043,32.9,11.75,4.06,44.65,2014-12-06 20:11:13 +1100,Kogarah,'2217,NSW,AU
#1299,39.95,13.05,4.82,53,2015-11-26 11:15:50 +1100,CARLTON,'2218,NSW,AU
#1154,49.95,10,5.45,59.95,2015-06-24 18:08:02 +1000,sans souci,'2219,NSW,AU
#1825,24.99,10.3,3.21,35.29,2016-11-28 12:00:02 +1100,Sydney,'2225,NSW,AU
#1258,87.88,16.25,9.47,104.13,2015-11-05 11:59:08 +1100,Oyster Bay,'2225,NSW,AU
#1890,49.87,13.05,5.72,62.92,2016-12-06 21:44:59 +1100,Jannali,'2226,NSW,AU
#1443,98.85,30,11.71,128.85,2016-04-10 21:32:35 +1000,COMO,'2226,NSW,AU
#1052,62.8,25,7.98,87.8,2014-12-15 18:51:34 +1100,Bonnet bay,'2226,NSW,AU
#1046,121.5,25,13.32,146.5,2014-12-09 17:05:58 +1100,Bonnet bay,'2226,NSW,AU
#1027,38.9,12.5,4.67,51.4,2014-11-17 16:07:42 +1100,Bonnet bay,'2226,NSW,AU
#1979,69.95,14.45,7.67,84.4,2016-12-24 09:10:04 +1100,Sydney,'2229,NSW,AU
#1252,78.27,13.05,8.3,91.32,2015-11-03 15:53:23 +1100,Caringbah South,'2229,NSW,AU
#1333,81.88,13.05,8.63,94.93,2015-12-06 11:31:42 +1100,Cronulla,'2230,NSW,AU
#1944,11.99,9.79,1.98,21.78,2016-12-13 08:26:11 +1100,Grays Point,'2232,NSW,AU
#1634,24.99,8,3,32.99,2016-09-06 15:58:23 +1000,Loftus,'2232,NSW,AU
#1361,79.39,13.05,8.4,92.44,2015-12-12 20:38:04 +1100,KAREELA,'2232,NSW,AU
#1188,27.6,8,3.24,35.6,2015-08-17 13:46:57 +1000,Sutherland,'2232,NSW,AU
#1546,25.99,13.05,3.55,39.04,2016-07-18 19:39:57 +1000,Sydney,'2233,NSW,AU
#1312,104.27,14.45,10.79,118.72,2015-11-30 09:48:27 +1100,Woronora Heights,'2233,NSW,AU
#2024,84.26,15.2,9.04,99.46,2017-02-09 12:30:02 +1100,Bangor,'2234,NSW,AU
#1715,47.47,13.05,5.5,60.52,2016-10-20 13:50:09 +1100,ILLAWONG,'2234,NSW,AU
#1189,106.42,14.45,10.99,120.87,2015-08-19 23:24:57 +1000,Menai,'2234,NSW,AU
#1081,99.9,25,11.35,124.9,2015-02-16 08:25:41 +1100,Sydney,'2234,NSW,AU
#2044,24.99,8.2,3.02,33.19,2017-02-25 22:43:27 +1100,Tascott,'2250,NSW,AU
#2043,18.99,13.4,2.94,32.39,2017-02-25 22:23:11 +1100,Tascott,'2250,NSW,AU
#1901,29.99,10.3,3.66,40.29,2016-12-07 21:34:08 +1100,ERINA FAIR,'2250,NSW,AU
#1457,68.37,16.65,7.73,85.02,2016-05-11 11:10:37 +1000,Lisarow,'2250,NSW,AU
#1824,11.95,8,1.81,19.95,2016-11-27 20:36:04 +1100,WOY WOY,'2256,NSW,AU
#1966,24.99,23.75,4.43,48.74,2016-12-14 21:59:26 +1100,Ourimbah ,'2258,NSW,AU
#1945,11.99,8,1.82,19.99,2016-12-13 10:30:15 +1100,tacoma,'2259,NSW,AU
#1862,49.98,13.05,5.73,63.03,2016-12-03 14:45:57 +1100,Wadalba,'2259,NSW,AU
#1265,44.43,35,7.22,79.43,2015-11-10 15:18:39 +1100,Mardi,'2259,NSW,AU
#1062,19.95,11.75,2.88,31.7,2015-01-11 19:50:47 +1100,Terrigal,'2260,NSW,AU
#1701,7.99,9.79,1.62,17.78,2016-10-07 14:52:12 +1100,THE ENTRANCE,'2261,NSW,AU
#1545,24.99,14.45,3.59,39.44,2016-07-18 06:59:17 +1000,Bateau Bay ,'2261,NSW,AU
#1656,24.99,7.99,3,32.98,2016-09-17 22:52:11 +1000,Balcolyn,'2264,NSW,AU
#1511,11.98,10.3,2.03,22.28,2016-06-20 14:53:10 +1000,Cooranbong,'2265,NSW,AU
#1616,24.99,8,3,32.99,2016-08-30 11:11:45 +1000,Belmont,'2280,NSW,AU
#1850,40.98,8,4.45,48.98,2016-12-01 20:57:24 +1100,Fishing Point,'2283,NSW,AU
#2095,128.2,17,13.2,145.2,2017-04-05 09:40:23 +1000,Newcastle,'2289,NSW,AU
#1932,7.99,8,1.45,15.99,2016-12-12 05:57:26 +1100,Adamstown,'2289,NSW,AU
#1374,246.08,30,25.1,276.08,2015-12-16 08:29:37 +1100,Adamstown,'2289,NSW,AU
#1571,18.99,8,2.45,26.99,2016-08-06 20:37:40 +1000,Whitebridge,'2290,NSW,AU
#1133,25.5,11.8,3.39,37.3,2015-06-01 21:45:42 +1000,tighes hill,'2297,NSW,AU
#2097,101.51,15.2,10.61,116.71,2017-04-07 19:58:26 +1000,North Lambton NEWCASTLE,'2299,NSW,AU
#2055,184.88,34,19.9,218.88,2017-03-05 11:40:34 +1100,North Lambton NEWCASTLE,'2299,NSW,AU
#2026,153.26,13.4,15.15,166.66,2017-02-09 17:56:54 +1100,North Lambton NEWCASTLE,'2299,NSW,AU
#1989,231.22,16.65,22.53,247.87,2017-01-08 16:28:32 +1100,North Lambton NEWCASTLE,'2299,NSW,AU
#1768,380.06,16.65,36.06,396.71,2016-11-15 17:13:33 +1100,North Lambton,'2299,NSW,AU
#1370,29.95,10.3,3.66,40.25,2015-12-15 12:59:49 +1100,Newcastle,'2300,NSW,AU
#1304,24.99,13.05,3.46,38.04,2015-11-28 11:45:19 +1100,East Gresford,'2311,NSW,AU
#1596,40.94,14.45,5.04,55.39,2016-08-17 20:10:37 +1000,Perth,'2315,WA,AU
#1985,19.99,9.79,2.71,29.78,2017-01-06 14:02:09 +1100,Rutherford,'2320,NSW,AU
#1493,5.99,8,1.27,13.99,2016-06-10 14:30:22 +1000,Maitland,'2320,NSW,AU
#2094,29.99,8.2,3.47,38.19,2017-04-04 20:22:11 +1000,Clarence Town,'2321,NSW,AU
#1401,73.27,14.45,7.97,87.72,2016-01-07 21:44:46 +1100,Clarence town,'2321,NSW,AU
#1066,43.9,11.75,5.06,55.65,2015-01-18 21:38:53 +1100,Raymond Terrace,'2324,NSW,AU
#2070,41.96,10.2,4.75,52.16,2017-03-15 22:56:07 +1100,Ellalong,'2325,NSW,AU
#2020,11.95,9.79,1.98,21.74,2017-02-03 20:26:11 +1100,kearsley,'2325,NSW,AU
#1668,28.5,14.45,3.9,42.95,2016-09-22 13:42:25 +1000,ELLALONG ,'2325,NSW,AU
#1452,19.95,8,2.54,27.95,2016-04-28 09:01:38 +1000,Kearsley,'2325,NSW,AU
#1157,28.95,10,3.54,38.95,2015-06-29 13:44:40 +1000,Cessnock,'2325,NSW,AU
#1987,32.95,16.65,4.51,49.6,2017-01-07 12:34:36 +1100,North Rothbury,'2335,NSW,AU
#1175,44.99,13.05,5.28,58.04,2015-07-27 17:33:27 +1000,Scone,'2337,NSW,AU
#1116,34.45,11.8,4.2,46.25,2015-05-07 07:28:12 +1000,Tamworth,'2340,NSW,AU
#1031,19.95,20,3.63,39.95,2014-11-25 17:35:42 +1100,Tamworth,'2340,NSW,AU
#1254,71.45,13.05,7.68,84.5,2015-11-04 11:59:36 +1100,Quirindi,'2343,NSW,AU
#1605,12.99,8,1.91,20.99,2016-08-23 07:21:11 +1000,Duri,'2344,NSW,AU
#1744,25.99,13.05,3.55,39.04,2016-11-08 14:14:13 +1100,Armidale,'2350,NSW,AU
#1535,25.99,8,3.09,33.99,2016-07-11 21:39:50 +1000,Armidale,'2350,NSW,AU
#1476,19.99,10.3,2.75,30.29,2016-05-31 18:04:02 +1000,Armidale,'2350,NSW,AU
#1528,2.49,8,0.95,10.49,2016-07-03 21:42:56 +1000,inverell ,'2360,NSW,AU
#1101,24.8,7.5,0.68,32.3,2015-04-14 21:22:37 +1000,inverell,'2360,NSW,AU
#1803,23.9,13.05,3.36,36.95,2016-11-23 11:36:33 +1100,Killarney Vale,'2361,NSW,AU
#2098,25.28,8.2,3.04,33.48,2017-04-09 10:31:58 +1000,HARRINGTON,'2427,NSW,AU
#2034,39.99,9.79,4.53,49.78,2017-02-16 00:34:24 +1100,Tuncurry,'2428,NSW,AU
#1852,52.97,34,7.91,86.97,2016-12-02 00:08:40 +1100,Old bar,'2430,NSW,AU
#1800,11.95,9.79,1.98,21.74,2016-11-22 20:06:28 +1100,Old Bar,'2430,NSW,AU
#1193,24.95,13.05,3.45,38,2015-08-24 16:09:38 +1000,BLACKHEAD,'2430,NSW,AU
#1441,136.34,16.65,13.91,152.99,2016-03-31 11:35:30 +1100,Kempsey,'2440,NSW,AU
#2093,85.96,15.2,9.2,101.16,2017-04-03 20:36:23 +1000,port Macquarie,'2444,NSW,AU
#1686,6.95,7.99,1.36,14.94,2016-10-02 20:38:07 +1100,Beechwood,'2446,NSW,AU
#1019,29.99,7.5,3.41,37.49,2014-11-09 14:45:41 +1100,Wauchope ,'2446,NSW,AU
#1876,91.79,14.45,9.66,106.24,2016-12-05 14:03:44 +1100,Sapphire Beach ,'2450,NSW,AU
#1788,29.99,13.05,3.91,43.04,2016-11-20 22:10:02 +1100,Moonee Beach,'2450,NSW,AU
#1450,15.95,8,2.18,23.95,2016-04-24 11:04:04 +1000,Bonville,'2450,NSW,AU
#1348,61.88,16.25,7.1,78.13,2015-12-10 06:30:57 +1100,Raleigh,'2454,NSW,AU
#1263,32.89,16.25,4.47,49.14,2015-11-07 12:46:46 +1100,Clarenza,'2460,NSW,AU
#1026,23.95,12.5,3.31,36.45,2014-11-15 22:57:22 +1100,Coraki,'2471,NSW,AU
#1831,19.99,13.05,3,33.04,2016-11-28 22:38:02 +1100,Lennox Head,'2478,NSW,AU
#1915,36.99,8,4.09,44.99,2016-12-09 09:29:41 +1100,Suffolk Park,'2481,NSW,AU
#1868,180.93,13.05,17.63,193.98,2016-12-04 11:22:38 +1100,Suffolk Park,'2481,NSW,AU
#1005,76.9,15,8.35,91.9,2014-09-04 22:10:31 +1000,Kingscliff,'2487,NSW,AU
#1322,78.58,14.45,8.46,93.03,2015-12-03 21:49:42 +1100,Tumbulgum,'2490,NSW,AU
#1838,19.99,13.05,3,33.04,2016-11-29 20:36:40 +1100,Gwynneville,'2500,NSW,AU
#1913,38.96,14.45,4.86,53.41,2016-12-09 07:41:39 +1100,Corrimal,'2518,NSW,AU
#1790,62.92,16.65,7.23,79.57,2016-11-21 09:15:37 +1100,Corrimal,'2518,NSW,AU
#1138,37.94,11.8,4.52,49.74,2015-06-06 22:06:02 +1000,Mount Ousley,'2519,NSW,AU
#1555,85.02,14.45,9.04,99.47,2016-07-23 21:36:21 +1000,Unanderra,'2526,NSW,AU
#1865,19.99,14.45,3.13,34.44,2016-12-03 18:04:06 +1100,Flinders,'2529,NSW,AU
#1292,54.98,13.05,6.18,68.03,2015-11-23 09:50:14 +1100,SHELLHARBOUR,'2529,NSW,AU
#1246,29.95,8,3.45,37.95,2015-10-30 09:28:30 +1100,blackbutt,'2529,NSW,AU
#1641,51.98,14.45,6.04,66.43,2016-09-10 09:31:25 +1000,Kanahooka,'2530,NSW,AU
#1250,34.94,16.25,4.65,51.19,2015-11-03 10:04:02 +1100,HORSLEY,'2530,NSW,AU
#1239,29.99,8,3.45,37.99,2015-10-25 17:13:00 +1100,Dapto,'2530,NSW,AU
#1822,29.64,10.3,3.63,39.94,2016-11-27 09:15:39 +1100,Kiama,'2533,NSW,AU
#1291,9.95,8,1.63,17.95,2015-11-22 23:05:08 +1100,kiama downs,'2533,NSW,AU
#1057,13.95,7.5,1.95,21.45,2015-01-03 14:06:17 +1100,Malua Bay,'2536,NSW,AU
#1655,6.95,8,1.36,14.95,2016-09-16 21:04:46 +1000,MORUYA,'2537,NSW,AU
#1886,77.95,13.05,8.27,91,2016-12-06 16:02:58 +1100,Milton,'2538,NSW,AU
#1569,25.99,8,3.09,33.99,2016-08-04 20:19:04 +1000,Burrill Lake,'2539,NSW,AU
#1127,49.95,13.05,5.73,63,2015-05-16 20:44:14 +1000,Mollymook,'2539,NSW,AU
#2081,7.99,10.2,1.66,18.19,2017-03-25 13:32:12 +1100,Old Erowal Bay,'2540,NSW,AU
#1060,23.95,11.75,3.25,35.7,2015-01-08 17:24:45 +1100,Callala bay,'2540,NSW,AU
#1042,24.95,11.75,3.34,36.7,2014-12-06 13:57:58 +1100,Bangalee,'2541,NSW,AU
#1805,54.98,13.05,6.18,68.03,2016-11-23 13:34:53 +1100,Tathra,'2550,NSW,AU
#1765,42.97,13.05,5.09,56.02,2016-11-14 10:32:37 +1100,WYNDHAM,'2550,NSW,AU
#2033,98.86,13.4,10.21,112.26,2017-02-15 19:41:16 +1100,St Helens Park,'2560,NSW,AU
#1509,91.25,13.05,9.48,104.3,2016-06-19 21:58:22 +1000,BOW BOWING,'2566,NSW,AU
#1518,42.99,16.65,5.42,59.64,2016-06-24 15:19:22 +1000,Currans Hill,'2567,NSW,AU
#1395,51.24,16.25,6.14,67.49,2015-12-31 11:11:35 +1100,Mount Annan,'2567,NSW,AU
#1232,22.95,8,0.73,30.95,2015-10-19 07:01:36 +1100,Narellan Vale,'2567,NSW,AU
#1724,25.99,14.45,3.68,40.44,2016-10-26 16:10:05 +1100,The Oaks,'2570,NSW,AU
#1692,69.37,7.99,7.03,77.36,2016-10-04 21:32:40 +1100,Camden,'2570,NSW,AU
#1877,19.99,8,2.54,27.99,2016-12-05 15:38:08 +1100,Balmoral Village ,'2571,NSW,AU
#1795,22.94,9.79,2.97,32.73,2016-11-21 21:16:09 +1100,Thirlmere,'2572,NSW,AU
#1894,24.99,16.65,3.79,41.64,2016-12-07 08:54:32 +1100,Kangaroo Valley,'2577,NSW,AU
#1356,24.95,23.15,4.37,48.1,2015-12-11 10:47:17 +1100,Kangaroo Valley,'2577,NSW,AU
#2032,22.9,8.2,2.83,31.1,2017-02-14 16:23:04 +1100,Goulburn,'2580,NSW,AU
#1999,82.96,13.4,8.76,96.36,2017-01-14 16:12:10 +1100,GOULBURN,'2580,NSW,AU
#1990,19.99,9.79,2.71,29.78,2017-01-09 16:02:09 +1100,Goulburn,'2580,NSW,AU
#1709,32.99,9.79,3.89,42.78,2016-10-15 12:26:09 +1100,Goulburn,'2580,NSW,AU
#1910,44.94,9.79,4.98,54.73,2016-12-08 22:07:02 +1100,Crookwell,'2583,NSW,AU
#1363,152.4,14.45,15.17,166.85,2015-12-13 14:32:38 +1100,Deakin,'2600,ACT,AU
#1311,24.99,8,3,32.99,2015-11-30 08:50:41 +1100,CANBERRA,'2601,ACT,AU
#1433,39.98,13.05,4.82,53.03,2016-03-09 00:27:35 +1100,Dickson,'2602,ACT,AU
#1412,52.99,30,7.54,82.99,2016-01-23 13:25:51 +1100,O'Connor,'2602,ACT,AU
#1213,18.7,16.25,3.18,34.95,2015-10-03 19:49:40 +1000,Downer,'2602,ACT,AU
#1895,59.98,14.45,6.77,74.43,2016-12-07 14:47:42 +1100,Curtin,'2605,ACT,AU
#1293,29.49,16.25,4.16,45.74,2015-11-23 22:07:58 +1100,FYSHWICK,'2609,ACT,AU
#1670,72.77,13.05,7.8,85.82,2016-09-24 09:23:23 +1000,DUFFY,'2611,ACT,AU
#1151,41.67,14.45,5.1,56.12,2015-06-19 17:39:11 +1000,Campbell,'2612,ACT,AU
#2049,24.99,10.2,3.2,35.19,2017-03-01 20:36:25 +1100,PAGE,'2614,ACT,AU
#1544,19.99,10.3,2.75,30.29,2016-07-16 15:34:37 +1000,Hawker,'2614,ACT,AU
#1320,53.8,14.45,6.2,68.25,2015-12-02 20:56:36 +1100,Hawker,'2614,ACT,AU
#1512,29.95,8,3.45,37.95,2016-06-21 09:33:56 +1000,Melba,'2615,ACT,AU
#1262,23.99,8,0.73,31.99,2015-11-07 11:29:32 +1100,Belconnen,'2617,ACT,AU
#1957,11.99,14.45,2.4,26.44,2016-12-14 11:14:50 +1100,Jerrabomberra,'2619,NSW,AU
#1224,39.99,8,4.36,47.99,2015-10-12 15:32:42 +1100,Queanbeyan East,'2620,NSW,AU
#1798,54.98,16.65,6.51,71.63,2016-11-22 07:37:39 +1100,Bredbo,'2626,NSW,AU
#2088,103.96,24.15,11.65,128.11,2017-03-30 21:02:31 +1100,Jindabyne,'2627,NSW,AU
#2015,27.98,9.79,3.44,37.77,2017-02-01 21:16:09 +1100,Jindabyne,'2627,NSW,AU
#2074,277.82,34,28.35,311.82,2017-03-19 20:33:47 +1100,ALBURY,'2640,NSW,AU
#1737,13.9,8,1.99,21.9,2016-11-06 15:49:51 +1100,Albury,'2640,NSW,AU
#2042,32.97,9.79,3.89,42.76,2017-02-25 13:32:07 +1100,Urana,'2645,NSW,AU
#1927,26.95,9.79,3.34,36.74,2016-12-11 14:18:31 +1100,Wagga Wagga,'2650,NSW,AU
#1625,36.74,14.45,4.65,51.19,2016-09-03 16:18:38 +1000,Wagga Wagga,'2650,NSW,AU
#1006,22.9,15,2.27,37.9,2014-09-10 13:12:21 +1000, Wagga Wagga ,'2650,NSW,AU
#1566,34.99,13.05,4.37,48.04,2016-08-03 13:54:38 +1000,Deniliquin,'2710,NSW,AU
#1818,29.99,16.65,4.24,46.64,2016-11-25 14:12:15 +1100,Euston,'2737,NSW,AU
#1827,19.99,8,2.54,27.99,2016-11-28 12:40:57 +1100,Glenmore Park,'2745,NSW,AU
#1620,25.99,8,3.09,33.99,2016-09-01 21:18:02 +1000,Mulgoa,'2745,NSW,AU
#1727,70.93,13.05,7.63,83.98,2016-10-31 12:44:43 +1100,Penrith,'2750,NSW,AU
#1598,70.88,14.45,7.76,85.33,2016-08-18 15:40:06 +1000,Penrith,'2750,NSW,AU
#1955,108.89,34,12.99,142.89,2016-12-13 23:39:01 +1100,Sydney,'2756,NSW,AU
#1870,12.99,10.3,2.12,23.29,2016-12-04 20:32:24 +1100,Glossodia,'2756,NSW,AU
#1126,74.9,25,9.08,99.9,2015-05-16 19:55:33 +1000,windsor,'2756,NSW,AU
#1014,35.9,15,1.36,50.9,2014-10-20 09:11:03 +1100,Ebenezer,'2756,NSW,AU
#1671,49.98,13.05,3.55,63.03,2016-09-25 07:50:28 +1000,Hassall Grove,'2761,NSW,AU
#1746,53.93,13.05,4.9,53.93,2016-11-08 21:05:56 +1100,Schofields,'2762,NSW,AU
#1396,26.45,14.45,3.72,40.9,2016-01-02 10:51:19 +1100,Acacia Gardens,'2763,NSW,AU
#1140,59.9,14.7,6.78,74.6,2015-06-08 21:04:09 +1000,Sydney,'2767,NSW,AU
#1840,178.86,34,19.35,212.86,2016-11-29 22:47:15 +1100,Glenwood,'2768,NSW,AU
#1368,82.14,30,10.19,112.14,2015-12-14 22:09:19 +1100,Parklea,'2768,NSW,AU
#1107,25.95,7.5,0.68,33.45,2015-04-18 22:34:45 +1000,Stanhope Gardens,'2768,NSW,AU
#1149,215.2,0,19.56,215.2,2015-06-18 12:22:17 +1000,Sydney,'2770,NSW,AU
#1991,99.98,10.3,0.94,110.28,2017-01-10 11:43:00 +1100,Blaxland,'2774,NSW,AU
#1575,29.95,8,3.45,37.95,2016-08-08 07:09:39 +1000,Blaxland,'2774,NSW,AU
#1260,24.99,10.3,3.21,35.29,2015-11-05 19:08:31 +1100,Faulconbridge,'2776,NSW,AU
#1703,12.99,9.79,2.07,22.78,2016-10-09 13:54:22 +1100,Springwood,'2777,NSW,AU
#1851,19.99,9.79,2.71,29.78,2016-12-01 21:06:32 +1100,Wentworth Falls,'2782,NSW,AU
#1155,51.93,14.45,6.03,66.38,2015-06-24 22:16:17 +1000,wentworth fall,'2782,NSW,AU
#2075,6.99,10.2,1.57,17.19,2017-03-20 16:42:29 +1100,blackheath,'2785,NSW,AU
#1607,65.97,49,10.45,114.97,2016-08-26 14:18:40 +1000,Orange,'2800,NSW,AU
#1559,58.49,13.05,6.5,71.54,2016-07-26 00:33:41 +1000,Geurie,'2830,NSW,AU
#1386,35.85,30,5.99,65.85,2015-12-21 21:25:51 +1100,Dubbo,'2830,NSW,AU
#1171,28.5,14.45,3.9,42.95,2015-07-23 16:28:36 +1000,Dubbo,'2830,NSW,AU
#1028,29.99,7.5,3.41,37.49,2014-11-24 14:18:59 +1100,Dubbo,'2830,NSW,AU
#1898,44.27,13.05,5.21,57.32,2016-12-07 16:17:32 +1100,Rylstone,'2849,NSW,AU
#1365,53.85,14.45,6.21,68.3,2015-12-14 11:53:05 +1100,Mudgee,'2850,NSW,AU
#1767,58.84,13.05,6.54,71.89,2016-11-14 13:45:32 +1100,Forbes,'2871,NSW,AU
#1123,46.6,11.8,5.31,58.4,2015-05-12 22:43:48 +1000,Tottenham,'2873,NSW,AU
#1430,21.9,13.05,3.18,34.95,2016-03-04 18:09:09 +1100,CONDOBOLIN,'2877,NSW,AU
#1834,28.99,9.79,3.53,38.78,2016-11-29 11:13:36 +1100,Broken Hill,'2880,NSW,AU
#1832,12.99,8,1.91,20.99,2016-11-29 10:02:11 +1100,Wanniassa,'2903,ACT,AU
#1351,36.9,30,6.08,66.9,2015-12-10 19:29:27 +1100,CALWELL,'2905,ACT,AU
#1334,44.99,14.45,5.4,59.44,2015-12-06 13:34:25 +1100,CALWELL,'2905,ACT,AU
#1303,22.95,23.15,4.19,46.1,2015-11-27 20:50:37 +1100,Calwell,'2905,ACT,AU
#1717,23.99,8,0.73,31.99,2016-10-21 11:03:34 +1100,Canberra,'2906,ACT,AU
#1474,24.95,16.65,3.78,41.6,2016-05-29 15:27:14 +1000,Richardson,'2906,ACT,AU
#1301,209.82,30,21.8,239.82,2015-11-27 09:05:10 +1100,Gordon,'2906,ACT,AU
#1815,60.17,13.05,6.66,73.22,2016-11-24 18:35:15 +1100,Gungahlin,'2912,ACT,AU
#1466,247.48,30,25.23,277.48,2016-05-22 09:23:18 +1000,Gungahlin,'2912,ACT,AU
#1969,82.92,14.45,8.85,97.37,2016-12-15 20:44:30 +1100,ngunnawal,'2913,ACT,AU
#1411,25.95,8,3.09,33.95,2016-01-22 15:48:26 +1100,Ngunnawal,'2913,ACT,AU
#1067,19.95,11.75,2.88,31.7,2015-01-18 23:09:36 +1100,Ngunnawal,'2913,ACT,AU
#1524,39.95,8,4.36,47.95,2016-06-30 21:15:13 +1000,Harrison,'2914,ACT,AU
#1426,19.94,8,2.54,27.94,2016-02-26 16:11:16 +1100,Harrison,'2914,ACT,AU
#1752,100.38,14.45,10.44,114.83,2016-11-10 15:49:12 +1100,Melbourne,'3000,VIC,AU
#1448,38.93,8,4.27,46.93,2016-04-21 09:09:55 +1000,141 Flinders Lane,'3000,VIC,AU
#1231,22.95,8,0.73,30.95,2015-10-18 12:13:20 +1100,Melbourne,'3000,VIC,AU
#1055,129.8,25,14.07,154.8,2014-12-18 17:44:49 +1100,Melbourne ,'3004,VIC,AU
#1926,70.97,23.75,8.61,94.72,2016-12-11 13:51:52 +1100,West Footscray,'3012,VIC,AU
#1679,92.05,14.45,9.68,106.5,2016-09-29 11:40:41 +1000,Yarraville,'3013,VIC,AU
#1471,5.99,10.3,1.48,16.29,2016-05-26 17:09:13 +1000,Yarraville,'3013,VIC,AU
#1928,36.99,8,4.09,44.99,2016-12-11 20:26:41 +1100,Newport,'3015,VIC,AU
#1178,11.3,10.3,1.96,21.6,2015-08-01 19:18:11 +1000,Williamstown,'3016,VIC,AU
#1994,11.99,9.79,1.98,21.78,2017-01-12 19:02:11 +1100,Sunshine nth,'3020,VIC,AU
#1763,52.99,16.65,6.33,69.64,2016-11-13 23:44:17 +1100,Sunshine,'3020,VIC,AU
#1431,86.89,14.45,9.21,101.34,2016-03-06 07:51:51 +1100,melbourne,'3020,VIC,AU
#1422,14.95,10.3,2.3,25.25,2016-02-20 22:29:33 +1100,North Sunshine,'3020,VIC,AU
#1294,41.85,13.05,4.99,54.9,2015-11-24 14:02:37 +1100,Melbourne ,'3020,VIC,AU
#2057,21.99,10.5,2.95,32.49,2017-03-05 16:21:20 +1100,Caroline Springs,'3023,VIC,AU
#1947,69.86,14.45,7.66,84.31,2016-12-13 11:26:55 +1100,Cairnlea,'3023,VIC,AU
#2051,22.97,8.2,2.83,31.17,2017-03-03 14:30:27 +1100,Williams Landing ,'3027,VIC,AU
#1344,27.99,8,3.27,35.99,2015-12-09 20:50:22 +1100,Seabrook ,'3028,VIC,AU
#1810,11.99,9.79,1.98,21.78,2016-11-24 06:33:57 +1100,Tarneit,'3029,VIC,AU
#1778,134.93,14.45,13.58,149.38,2016-11-18 10:20:49 +1100,Tarneit,'3029,VIC,AU
#2040,80.92,17,8.9,97.92,2017-02-24 15:44:04 +1100,Derrimut,'3030,VIC,AU
#2009,44.98,15.2,5.47,60.18,2017-01-28 21:50:29 +1100,Point Cook,'3030,VIC,AU
#1725,19.99,13.05,3,33.04,2016-10-27 07:58:51 +1100,Derrimut,'3030,VIC,AU
#1664,25.99,7.99,3.09,33.98,2016-09-19 23:58:28 +1000,Point Cook,'3030,VIC,AU
#1253,61.78,35,8.8,96.78,2015-11-03 18:19:47 +1100,Werribee South,'3030,VIC,AU
#1227,94.9,25,10.9,119.9,2015-10-13 15:52:31 +1100,Melbourne,'3030,VIC,AU
#2059,170.88,15.2,16.92,186.08,2017-03-07 12:05:12 +1100,Travancore,'3032,VIC,AU
#1444,24.95,16.65,3.78,41.6,2016-04-12 13:51:16 +1000,Maribyrnong,'3032,VIC,AU
#1051,42.85,14.75,5.24,57.6,2014-12-13 07:32:36 +1100,East Keilor,'3033,VIC,AU
#1080,29.94,25,4.99,54.94,2015-02-12 17:41:55 +1100,Avondale Heights,'3034,VIC,AU
#2080,45.98,13.4,5.4,59.38,2017-03-25 10:29:46 +1100,Delahey,'3037,VIC,AU
#2041,120.96,34,14.09,154.96,2017-02-25 10:02:03 +1100,Delahey,'3037,VIC,AU
#2011,53.96,13.4,6.12,67.36,2017-01-30 17:00:52 +1100,Delahey,'3037,VIC,AU
#1984,67.88,14.45,7.48,82.33,2017-01-06 09:04:24 +1100,Delahey,'3037,VIC,AU
#1978,42.23,14.45,5.15,56.68,2016-12-22 09:45:26 +1100,Delahey,'3037,VIC,AU
#1925,11.99,9.79,1.98,21.78,2016-12-11 12:16:08 +1100,Sydenham,'3037,VIC,AU
#1833,146.55,13.05,14.51,159.6,2016-11-29 10:12:10 +1100,Delahey,'3037,VIC,AU
#1120,27.8,11.8,3.6,39.6,2015-05-10 21:33:09 +1000,Strathmore,'3041,VIC,AU
#1526,17.89,10.3,2.56,28.19,2016-07-01 18:23:58 +1000,Melbourne,'3042,VIC,AU
#2013,19.99,9.79,2.71,29.78,2017-01-31 23:56:09 +1100,PASCOE VALE SOUTH,'3044,VIC,AU
#1839,21.98,8,2.73,29.98,2016-11-29 21:10:08 +1100,Pascoe Vale South,'3044,VIC,AU
#1249,79.89,13.05,8.45,92.94,2015-11-02 14:47:04 +1100,Pascoe Vale,'3044,VIC,AU
#1672,51.85,14.45,6.03,66.3,2016-09-25 17:47:29 +1000,hadfield,'3046,VIC,AU
#1148,91.75,14.45,9.65,106.2,2015-06-18 08:15:13 +1000,Melbourne,'3046,VIC,AU
#1842,32.99,9.79,3.89,42.78,2016-11-30 07:42:50 +1100,BROADMEADOWS,'3047,VIC,AU
#1410,26.6,10.3,3.35,36.9,2016-01-21 13:19:25 +1100,North Melbourne,'3051,VIC,AU
#2017,48.93,13.4,5.67,62.33,2017-02-02 09:19:55 +1100,Brunswick West,'3055,VIC,AU
#1837,35.82,13.05,4.44,48.87,2016-11-29 20:27:48 +1100,Brunswick west,'3055,VIC,AU
#1604,58.49,16.65,6.83,75.14,2016-08-21 23:32:33 +1000,Brunswick,'3056,VIC,AU
#1542,39.58,10.3,4.53,49.88,2016-07-14 22:55:37 +1000,Brunswick,'3056,VIC,AU
#1121,24.95,11.8,3.34,36.75,2015-05-11 08:27:33 +1000,Melbourne,'3057,VIC,AU
#1122,33.94,11.8,4.16,45.74,2015-05-12 10:24:48 +1000,Melbourne,'3058,VIC,AU
#1456,39.95,8,4.36,47.95,2016-05-09 11:40:59 +1000,Greenvale,'3059,VIC,AU
#1916,59.98,14.45,6.77,74.43,2016-12-09 19:23:13 +1100,Fawkner,'3060,VIC,AU
#1998,12.99,9.79,2.07,22.78,2017-01-14 10:02:11 +1100,ROXBURGH PARK,'3064,VIC,AU
#1912,12.5,9.79,2.03,22.29,2016-12-09 01:07:19 +1100,FITZROY,'3065,VIC,AU
#1794,97.91,13.05,10.09,110.96,2016-11-21 16:58:39 +1100,Melbourne,'3065,VIC,AU
#1388,23.99,8,0.73,31.99,2015-12-22 17:08:21 +1100,Fitzroy,'3065,VIC,AU
#1647,21.98,10.3,2.93,32.28,2016-09-12 14:40:37 +1000,Fitzroy North,'3068,VIC,AU
#1215,76.98,16.25,8.48,93.23,2015-10-04 20:43:46 +1100,Northcote,'3070,VIC,AU
#1653,29.99,14,4,43.99,2016-09-15 10:58:16 +1000,Preston,'3072,VIC,AU
#1532,24.99,8,3,32.99,2016-07-05 14:57:03 +1000,Preston,'3072,VIC,AU
#2077,20.97,10.5,2.86,31.47,2017-03-23 19:03:24 +1100,Reservoir,'3073,VIC,AU
#1789,19.99,13.05,3,33.04,2016-11-21 00:22:44 +1100,Thomastown,'3074,VIC,AU
#1591,19.49,8,2.5,27.49,2016-08-15 12:19:53 +1000,FAIRFIELD,'3078,VIC,AU
#1462,27.6,10.3,3.45,37.9,2016-05-18 16:58:45 +1000,Ivanhoe,'3079,VIC,AU
#1505,19.99,16.65,3.33,36.64,2016-06-16 23:50:48 +1000,Heidelberg,'3081,VIC,AU
#1676,19.75,7.99,2.53,27.74,2016-09-26 17:06:13 +1000,Heidelberg,'3084,VIC,AU
#1477,40.87,13.05,4.9,53.92,2016-06-02 11:06:57 +1000,Yallambie,'3085,VIC,AU
#1816,32.99,9.79,3.89,42.78,2016-11-24 19:06:38 +1100,Greensborough,'3088,VIC,AU
#1617,13.9,13.05,2.45,26.95,2016-08-31 21:33:18 +1000,Greensborough,'3088,VIC,AU
#1654,86.92,14.45,9.22,101.37,2016-09-15 19:23:59 +1000,Montmorency,'3094,VIC,AU
#1710,67.98,14.45,7.49,82.43,2016-10-15 15:52:55 +1100,Research,'3095,VIC,AU
#1428,52.98,13.05,6,66.03,2016-02-28 10:07:59 +1100,Eltham,'3095,VIC,AU
#1143,25.5,13.05,3.5,38.55,2015-06-12 22:36:27 +1000,Eltham ,'3095,VIC,AU
#1792,48.99,13.05,5.64,62.04,2016-11-21 12:20:44 +1100,BALWYN NORTH,'3104,VIC,AU
#1964,23.98,9.79,3.07,33.77,2016-12-14 18:48:28 +1100,South Kingsville,'3105,VIC,AU
#2002,48.99,17,6,65.99,2017-01-18 12:15:35 +1100,Lower Templestowe ,'3107,VIC,AU
#1017,95.75,12.5,8.21,108.25,2014-11-08 08:48:36 +1100,Melbourne,'3107,VIC,AU
#1885,49.2,8,5.2,57.2,2016-12-06 13:08:19 +1100,Warrandyte,'3113,VIC,AU
#1748,20.99,8,2.64,28.99,2016-11-09 17:18:03 +1100,North Warrandyte,'3113,VIC,AU
#1606,51.94,14.45,6.04,66.39,2016-08-25 12:34:16 +1000,Warrandyte,'3113,VIC,AU
#1977,127.94,14.45,12.94,142.39,2016-12-22 00:30:12 +1100,Melbourne,'3114,VIC,AU
#1819,56.46,13.05,6.32,69.51,2016-11-25 19:58:04 +1100,Chirnside park,'3116,VIC,AU
#2108,10.99,10.5,1.95,21.49,2017-04-30 18:55:33 +1000,Richmond,'3121,VIC,AU
#2008,19.99,10.5,2.77,30.49,2017-01-27 07:13:59 +1100,Richmond,'3121,VIC,AU
#2012,20.99,10.5,2.86,31.49,2017-01-31 20:45:09 +1100,Melbourne,'3122,VIC,AU
#1029,19.95,7.5,2.5,27.45,2014-11-24 21:27:36 +1100,Hawthorn East,'3123,VIC,AU
#1878,41.98,8,4.54,49.98,2016-12-05 19:43:33 +1100,Blackburn,'3130,VIC,AU
#1758,46.97,13.05,5.46,60.02,2016-11-11 20:24:16 +1100,Blackburn,'3130,VIC,AU
#1156,33.9,13.05,4.27,46.95,2015-06-26 08:09:47 +1000,Blackburn,'3130,VIC,AU
#1689,24.99,14.45,3.59,39.44,2016-10-03 13:45:04 +1100,Forest Hill,'3131,VIC,AU
#1974,64.86,13.05,7.08,77.91,2016-12-18 20:10:25 +1100,Vermont,'3133,VIC,AU
#1646,93.93,16.65,10.05,110.58,2016-09-11 19:53:09 +1000,Ringwood ,'3134,VIC,AU
#1355,119.95,14.45,1.31,134.4,2015-12-11 09:01:35 +1100,Ringwood North,'3134,VIC,AU
#1382,12.5,10.3,2.07,22.8,2015-12-20 14:19:08 +1100,Mooroolbark,'3138,VIC,AU
#1640,9.99,14,2.18,23.99,2016-09-09 22:58:15 +1000,Wandin North,'3139,VIC,AU
#1234,49.97,13.05,5.73,63.02,2015-10-20 21:59:14 +1100,Hoddles Creek,'3139,VIC,AU
#1960,31.99,14.45,4.22,46.44,2016-12-14 13:07:15 +1100,Lilydale,'3140,VIC,AU
#1694,36.94,8,4.09,44.94,2016-10-05 09:37:14 +1100,Lilydale,'3140,VIC,AU
#1098,51,11.8,5.71,62.8,2015-04-12 09:43:01 +1000,lilydale,'3140,VIC,AU
#1943,54.92,13.05,6.18,67.97,2016-12-12 21:55:06 +1100,South Yarra,'3141,VIC,AU
#1622,37.98,13.05,4.64,51.03,2016-09-02 11:52:03 +1000,SOUTH YARRA,'3141,VIC,AU
#2102,63.41,17,7.31,80.41,2017-04-16 20:59:55 +1000,Malvern East,'3145,VIC,AU
#1525,95.88,13.05,9.9,108.93,2016-07-01 16:48:33 +1000,Malvern East,'3145,VIC,AU
#1785,100.96,14.45,10.49,115.41,2016-11-19 17:05:29 +1100,GLEN IRIS,'3146,VIC,AU
#1610,29.97,14.45,4.04,44.42,2016-08-27 18:35:59 +1000,Glen Iris,'3146,VIC,AU
#1056,79.7,14.75,8.59,94.45,2014-12-29 13:48:35 +1100,Melbourne,'3147,VIC,AU
#1936,61.97,14.45,6.95,76.42,2016-12-12 12:14:26 +1100,Mount Waverley,'3149,VIC,AU
#1874,19.99,13.05,3,33.04,2016-12-05 12:39:09 +1100,Wheelers Hill,'3150,VIC,AU
#1187,52.99,14.45,6.13,67.44,2015-08-12 23:24:13 +1000,GLEN WAVERLEY,'3150,VIC,AU
#1645,32.9,8,1.09,40.9,2016-09-11 14:30:49 +1000,Wantirna South,'3152,VIC,AU
#1357,49.99,10.3,0.94,60.29,2015-12-11 11:24:32 +1100,Boronia,'3155,VIC,AU
#1971,7.99,8,1.45,15.99,2016-12-15 22:35:59 +1100,Upwey,'3158,VIC,AU
#1447,85.35,30,10.49,115.35,2016-04-15 18:01:38 +1000,Belgrave,'3160,VIC,AU
#1247,9.95,8,1.63,17.95,2015-10-30 12:01:01 +1100,Carnegie,'3163,VIC,AU
#1176,26.41,25,4.67,51.41,2015-07-29 11:54:53 +1000,Bentleigh East,'3165,VIC,AU
#1772,24.99,8,3,32.99,2016-11-16 14:54:51 +1100,Mulgrave,'3170,VIC,AU
#1764,52.59,14.45,6.09,67.04,2016-11-14 07:55:34 +1100,Mulgrave,'3170,VIC,AU
#1613,46.88,14.45,5.58,61.33,2016-08-29 12:22:57 +1000,Dandenong North,'3175,VIC,AU
#1287,41.85,14.45,5.12,56.3,2015-11-22 14:17:16 +1100,Dandenong ,'3175,VIC,AU
#1496,33.94,8,3.81,41.94,2016-06-13 15:32:00 +1000,Rowville,'3178,VIC,AU
#1136,64.9,14.7,7.24,79.6,2015-06-05 10:20:55 +1000,Rowville,'3178,VIC,AU
#2052,21.98,13.4,3.22,35.38,2017-03-03 20:23:14 +1100,ST KILDA,'3182,VIC,AU
#1924,134.93,14.45,13.58,149.38,2016-12-11 11:03:53 +1100,st kilda east,'3183,VIC,AU
#1875,29.99,16.65,4.24,46.64,2016-12-05 13:32:55 +1100,St Kilda East,'3183,VIC,AU
#1712,32.99,10.3,3.94,43.29,2016-10-17 11:37:11 +1100,St KIlda East,'3183,VIC,AU
#1558,160.75,14.45,15.93,175.2,2016-07-25 13:37:25 +1000,st kilda east,'3183,VIC,AU
#1397,101.59,16.25,10.71,117.84,2016-01-02 17:34:38 +1100,ELWOOD,'3184,VIC,AU
#1223,21.29,8,2.66,29.29,2015-10-12 13:55:14 +1100,ELWOOD,'3184,VIC,AU
#1207,37.93,13.05,4.63,50.98,2015-09-19 19:15:48 +1000,ELWOOD,'3184,VIC,AU
#1975,38.99,10.3,4.48,49.29,2016-12-19 12:42:38 +1100,Brighton,'3186,VIC,AU
#1377,24.99,10.3,3.21,35.29,2015-12-17 20:34:47 +1100,Hampton East ,'3188,VIC,AU
#1438,70.97,14.45,7.77,85.42,2016-03-28 19:17:10 +1100,BEAUMARIS,'3193,VIC,AU
#1413,22.49,14.45,3.36,36.94,2016-01-24 15:37:32 +1100,Beaumaris,'3193,VIC,AU
#1073,40.98,11.75,4.79,52.73,2015-01-27 20:52:47 +1100,Melbourne ,'3193,VIC,AU
#2010,27.88,15.2,3.92,43.08,2017-01-30 09:35:22 +1100,Mentone,'3194,VIC,AU
#1914,29.99,14.45,4.04,44.44,2016-12-09 08:27:12 +1100,Aspendale,'3195,VIC,AU
#1242,16.95,8,2.27,24.95,2015-10-26 22:45:02 +1100,Melbourne,'3196,VIC,AU
#1930,38.99,16.65,5.06,55.64,2016-12-11 22:23:00 +1100,Frankston,'3199,VIC,AU
#1707,25.99,13.05,3.55,39.04,2016-10-12 18:01:19 +1100,Frankston,'3199,VIC,AU
#1705,89.77,23.75,10.32,113.52,2016-10-10 15:06:03 +1100,Ormond,'3204,VIC,AU
#1039,24.95,7.5,2.95,32.45,2014-12-04 22:57:39 +1100,Bentleigh,'3204,VIC,AU
#1972,29.99,10.3,3.66,40.29,2016-12-16 10:11:48 +1100,Melbourne,'3205,VIC,AU
#1830,32.94,13.05,4.18,45.99,2016-11-28 22:26:25 +1100,South Melbourne,'3205,VIC,AU
#1229,200.94,25,20.54,225.94,2015-10-15 08:46:15 +1100,melbourne,'3205,VIC,AU
#1954,63.97,13.05,7,77.02,2016-12-13 15:59:15 +1100,Port Melbourne,'3207,VIC,AU
#1206,88.65,23.15,10.16,111.8,2015-09-18 22:54:20 +1000,Port Melbourne,'3207,VIC,AU
#1959,11.95,8,1.81,19.95,2016-12-14 13:05:46 +1100,Lara ,'3212,VIC,AU
#1780,63,16.65,7.24,79.65,2016-11-18 16:51:25 +1100,Lara ,'3212,VIC,AU
#1487,27.6,8,3.24,35.6,2016-06-06 15:41:44 +1000,Lara,'3212,VIC,AU
#1738,29.94,16.65,4.24,46.59,2016-11-06 16:40:48 +1100,Norlane,'3214,VIC,AU
#1186,31.6,14.45,4.19,46.05,2015-08-09 20:37:49 +1000,Freshwater Creek,'3217,VIC,AU
#1045,14.95,11.75,2.43,26.7,2014-12-09 11:01:20 +1100,Manifold Heights,'3218,VIC,AU
#1747,28.99,13.05,3.82,42.04,2016-11-09 10:22:14 +1100,newcomb,'3219,VIC,AU
#1728,120.62,34,14.06,154.62,2016-11-01 10:57:29 +1100,Ocean Grove,'3226,VIC,AU
#2071,7.99,8.2,1.47,16.19,2017-03-16 14:30:07 +1100,Warrion,'3249,VIC,AU
#1623,90.93,13.05,9.45,103.98,2016-09-02 19:34:16 +1000,Colac,'3250,VIC,AU
#1257,146.68,35,16.52,181.68,2015-11-04 15:08:21 +1100,Colac,'3250,VIC,AU
#1268,9.99,10.3,1.84,20.29,2015-11-11 22:08:14 +1100,Camperdown,'3260,VIC,AU
#1350,27.8,14.45,3.84,42.25,2015-12-10 16:31:04 +1100,Garvoc,'3265,VIC,AU
#1908,72.31,13.05,7.76,85.36,2016-12-08 12:02:18 +1100,Penshurst,'3289,VIC,AU
#1858,11.99,9.79,1.98,21.78,2016-12-03 13:02:09 +1100,Dartmoor,'3304,VIC,AU
#1012,19.95,15,3.18,34.95,2014-10-17 12:55:42 +1100,Heywood,'3304,VIC,AU
#1142,64.9,14.7,7.24,79.6,2015-06-11 11:28:11 +1000,Portland,'3305,VIC,AU
#2111,173.88,24.15,18,198.03,2017-05-05 13:25:43 +1000,Maude,'3331,VIC,AU
#1480,105.18,13.05,10.75,118.23,2016-06-03 14:32:37 +1000,MELTON,'3337,VIC,AU
#1808,19.99,13.05,3,33.04,2016-11-23 19:36:43 +1100,Brookfield,'3338,VIC,AU
#1425,101.2,14.45,10.51,115.65,2016-02-26 15:10:49 +1100,EYNESBURY,'3338,VIC,AU
#2035,34.15,15.2,4.49,49.35,2017-02-16 10:37:14 +1100,Gordon,'3345,VIC,AU
#1802,25.99,8,3.09,33.99,2016-11-23 11:19:48 +1100,LAKE WENDOUREE,'3350,VIC,AU
#1652,41.98,13.05,5,55.03,2016-09-13 11:17:13 +1000,Mount Clear,'3350,VIC,AU
#1507,29.99,10.3,3.66,40.29,2016-06-18 15:04:03 +1000,Redan,'3350,VIC,AU
#1319,41.89,8,4.54,49.89,2015-12-02 15:51:43 +1100,Alfredton,'3350,VIC,AU
#1131,9.99,7.5,1.59,17.49,2015-05-30 16:26:12 +1000,Ballarat,'3350,VIC,AU
#1665,25.99,7.99,3.09,33.98,2016-09-20 22:22:13 +1000,Sebastopol,'3356,VIC,AU
#1806,19.95,10.3,2.75,30.25,2016-11-23 13:51:14 +1100,Buninyong,'3357,VIC,AU
#1917,11.99,14.45,2.4,26.44,2016-12-09 20:18:00 +1100,Clunes,'3370,VIC,AU
#1841,19.99,9.79,2.71,29.78,2016-11-29 23:43:38 +1100,Stawell,'3380,VIC,AU
#1574,58.19,13.05,6.48,71.24,2016-08-07 11:03:27 +1000,Haven,'3401,VIC,AU
#1903,31.98,20,4.73,51.98,2016-12-08 08:43:24 +1100,Sunbury,'3429,VIC,AU
#1577,94.42,13.05,9.77,107.47,2016-08-08 16:24:05 +1000,Sunbury,'3429,VIC,AU
#1210,27.94,8,3.27,35.94,2015-09-29 13:52:01 +1000,SUNBURY,'3429,VIC,AU
#2038,42.93,24.15,6.1,67.08,2017-02-19 21:55:24 +1100,KYNETON,'3444,VIC,AU
#1467,53.81,13.05,6.08,66.86,2016-05-24 09:56:14 +1000,Castlemaine,'3450,VIC,AU
#1736,6.95,8,1.36,14.95,2016-11-04 17:31:24 +1100,TRENTHAM,'3458,VIC,AU
#1296,39.9,16.25,5.1,56.15,2015-11-24 22:55:18 +1100,mildura,'3500,VIC,AU
#1882,135.95,20,14.18,155.95,2016-12-06 11:05:06 +1100,Merbein ,'3505,VIC,AU
#1997,56.96,24.15,7.37,81.11,2017-01-14 09:22:01 +1100,LONG GULLY,'3550,VIC,AU
#1922,29.94,16.65,4.24,46.59,2016-12-10 09:57:24 +1100,Bendigo,'3550,VIC,AU
#1538,13.9,14.45,2.58,28.35,2016-07-13 22:10:47 +1000,WHITE HILLS,'3550,VIC,AU
#1383,24.99,14.45,3.59,39.44,2015-12-21 12:20:40 +1100,Flora hill,'3550,VIC,AU
#1217,49,13.05,5.64,62.05,2015-10-06 17:15:15 +1100,North Bendigo,'3550,VIC,AU
#1191,39.95,8,4.36,47.95,2015-08-20 20:15:21 +1000,Junortoun ,'3551,VIC,AU
#1799,10.99,9.79,1.89,20.78,2016-11-22 12:46:08 +1100,Kangaroo Flat,'3555,VIC,AU
#2019,34.99,9.79,4.07,44.78,2017-02-03 14:02:15 +1100,Sailors Gully,'3556,VIC,AU
#1695,37.98,13.05,4.64,51.03,2016-10-05 14:58:57 +1100,SHEPPARTON,'3630,VIC,AU
#1552,44.95,16.65,5.6,61.6,2016-07-21 10:58:20 +1000,Broadford ,'3658,VIC,AU
#1706,56.89,16.65,6.69,73.54,2016-10-11 15:44:42 +1100,Wodonga,'3690,VIC,AU
#1335,35.91,16.25,4.74,52.16,2015-12-06 19:37:51 +1100,Wodonga ,'3690,VIC,AU
#1150,24.95,25,4.54,49.95,2015-06-19 16:01:05 +1000,Eildon,'3713,VIC,AU
#1884,11.99,9.79,1.98,21.78,2016-12-06 11:37:48 +1100,EUROBIN,'3739,VIC,AU
#1534,42.59,13.05,5.06,55.64,2016-07-10 18:47:24 +1000,Bright,'3741,VIC,AU
#1103,24.8,7.5,0.68,32.3,2015-04-15 13:34:09 +1000,Beechworth,'3747,VIC,AU
#1911,126.88,16.65,13.05,143.53,2016-12-09 00:45:32 +1100,South Morang,'3752,VIC,AU
#1272,122.67,16.25,12.63,138.92,2015-11-15 07:54:49 +1100,Melbourne,'3752,VIC,AU
#1018,101.75,14,9.35,115.75,2014-11-09 12:25:32 +1100,Melbourne,'3752,VIC,AU
#1864,64.98,13.05,7.09,78.03,2016-12-03 16:18:09 +1100,Kilmore,'3764,VIC,AU
#1812,47.49,9.79,5.21,57.28,2016-11-24 12:32:11 +1100,Kalorama,'3766,VIC,AU
#1316,47.5,14.45,5.63,61.95,2015-12-02 09:35:16 +1100,Mt Evelyn,'3796,VIC,AU
#1085,63.95,25,8.09,88.95,2015-03-04 14:13:03 +1100,Victoria,'3805,VIC,AU
#1300,24.99,8,3,32.99,2015-11-26 15:22:08 +1100,Melbourne ,'3806,VIC,AU
#1243,52.18,13.05,5.93,65.23,2015-10-27 07:16:13 +1100,Berwick,'3806,VIC,AU
#1649,62.97,13.05,6.91,76.02,2016-09-13 10:07:17 +1000,Pakenham,'3810,VIC,AU
#1648,69.85,13.05,7.54,82.9,2016-09-12 18:37:26 +1000,Pakenham,'3810,VIC,AU
#1115,25.95,7.5,0.68,33.45,2015-05-04 13:23:19 +1000,Bunyip,'3815,VIC,AU
#1781,11.95,9.79,1.98,21.74,2016-11-18 22:36:27 +1100,Longwarry,'3816,VIC,AU
#2096,107.96,17,11.36,124.96,2017-04-05 09:49:59 +1000,Moe south ,'3825,VIC,AU
#1557,45.26,13.05,5.3,58.31,2016-07-25 10:02:33 +1000,Churchill,'3842,VIC,AU
#1681,39.9,16.65,5.14,56.55,2016-10-01 08:18:05 +1000,TRARALGON,'3844,VIC,AU
#2091,29.93,13.4,3.94,43.33,2017-04-02 14:52:52 +1000,Sale,'3850,VIC,AU
#1358,46.77,14.45,5.57,61.22,2015-12-12 09:58:02 +1100,BUNDALAGUAH,'3851,VIC,AU
#1635,21.93,14.45,3.31,36.38,2016-09-07 12:01:13 +1000,Glengarry ,'3854,VIC,AU
#1631,74.9,14.45,8.12,89.35,2016-09-05 15:24:42 +1000,Glengarry ,'3854,VIC,AU
#1856,20.43,8,2.58,28.43,2016-12-02 21:48:51 +1100,LAKE BUNGA,'3909,VIC,AU
#1804,223.94,14.45,21.67,238.39,2016-11-23 11:58:53 +1100,LANGWARRIN,'3910,VIC,AU
#1784,38.99,9.79,4.43,48.78,2016-11-19 13:02:07 +1100,LANGWARRIN,'3910,VIC,AU
#1118,39.95,11.8,4.7,51.75,2015-05-07 15:53:23 +1000,Langwarrin ,'3910,VIC,AU
#2000,54.98,13.4,6.22,68.38,2017-01-16 08:58:13 +1100,Somerville,'3912,VIC,AU
#1934,101.26,16.65,10.72,117.91,2016-12-12 08:27:48 +1100,Somerville ,'3912,VIC,AU
#1786,19.99,13.05,3,33.04,2016-11-20 12:15:05 +1100,Somerville,'3912,VIC,AU
#1016,19.95,15,3.18,34.95,2014-11-06 15:59:03 +1100,Somerville,'3912,VIC,AU
#1479,17.95,8,2.36,25.95,2016-06-02 23:40:34 +1000,Rhyll,'3923,VIC,AU
#1900,20.99,9.79,2.8,30.78,2016-12-07 20:36:34 +1100,Mount Eliza,'3930,VIC,AU
#1478,14.95,8,2.09,22.95,2016-06-02 19:40:45 +1000,Mount Eliza,'3930,VIC,AU
#2003,19.99,13.4,3.04,33.39,2017-01-18 17:56:54 +1100,Mornington,'3931,VIC,AU
#1058,14.95,11.75,2.43,26.7,2015-01-06 17:52:43 +1100,mount martha,'3934,VIC,AU
#1562,25.99,10.3,3.3,36.29,2016-08-01 14:26:27 +1000,Safety beach,'3936,VIC,AU
#2072,69.98,10.2,7.3,80.18,2017-03-16 17:12:31 +1100,Yarram,'3971,VIC,AU
#1680,11.95,7.99,1.82,19.94,2016-09-30 22:10:10 +1000,Lynbrook,'3975,VIC,AU
#2062,18.94,8.2,2.47,27.14,2017-03-10 12:38:06 +1100,Hampton park ,'3976,VIC,AU
#1697,18.99,8,2.45,26.99,2016-10-05 22:10:05 +1100,Cranbourne east,'3977,VIC,AU
#1582,59.99,16.65,6.96,76.64,2016-08-10 12:22:09 +1000,CRANBOURNE,'3977,VIC,AU
#1321,86.39,13.05,9.04,99.44,2015-12-02 22:28:21 +1100,Cranbourne South,'3977,VIC,AU
#1070,23.95,11.75,3.25,35.7,2015-01-23 19:32:16 +1100,Melbourne,'3977,VIC,AU
#2073,10.99,10.2,1.93,21.19,2017-03-17 22:52:10 +1100,Wonthaggi,'3995,VIC,AU
#1904,11.99,9.79,1.98,21.78,2016-12-08 08:46:10 +1100,Brisbane,'4000,QLD,AU
#1209,94.9,25,10.9,119.9,2015-09-25 16:11:11 +1000,Brisbane,'4000,QLD,AU
#1976,150.85,34,16.8,184.85,2016-12-19 17:49:01 +1100,Albion,'4010,QLD,AU
#1590,24.99,10.3,3.21,35.29,2016-08-14 16:56:30 +1000,Clayfield,'4011,QLD,AU
#1644,18.99,8,2.45,26.99,2016-09-10 18:52:57 +1000,Virginia,'4014,QLD,AU
#1313,25.99,8,3.09,33.99,2015-11-30 17:22:28 +1100,Banyo,'4014,QLD,AU
#1935,36.99,8,4.09,44.99,2016-12-12 08:32:54 +1100,Bracken Ridge ,'4017,QLD,AU
#1636,66.76,13.05,7.26,79.81,2016-09-07 19:43:20 +1000,BRIGHTON,'4017,QLD,AU
#1415,44.99,13.05,5.28,58.04,2016-01-24 19:06:42 +1100,Scarborough,'4020,QLD,AU
#1202,55.97,25,7.36,80.97,2015-09-08 08:49:21 +1000,Redcliffe ,'4029,QLD,AU
#2031,69.9,15.2,7.74,85.1,2017-02-13 23:33:50 +1100,WINDSOR,'4030,QLD,AU
#2007,72.93,9.79,7.53,82.72,2017-01-26 07:16:10 +1100,Gordon park,'4031,QLD,AU
#1482,58.18,14.45,6.6,72.63,2016-06-03 23:46:02 +1000,Brisbane,'4031,QLD,AU
#1134,49.95,13.05,5.73,63,2015-06-02 13:02:06 +1000,Brisbane,'4031,QLD,AU
#1754,31.89,13.05,4.09,44.94,2016-11-11 11:47:35 +1100,Aspley,'4034,QLD,AU
#1942,27.98,16.65,4.06,44.63,2016-12-12 21:42:12 +1100,Brisbane ,'4035,QLD,AU
#1501,34.49,13.05,4.32,47.54,2016-06-15 11:52:11 +1000,Albany Creek,'4035,QLD,AU
#1491,39.95,10.3,4.57,50.25,2016-06-09 09:56:44 +1000,Grange,'4051,QLD,AU
#1889,69.95,14.45,7.67,84.4,2016-12-06 20:29:39 +1100,Everton Hills,'4053,QLD,AU
#1048,29.99,7.5,3.41,37.49,2014-12-11 21:35:39 +1100,Everton Hills,'4053,QLD,AU
#1931,29.99,16.65,4.24,46.64,2016-12-11 23:41:17 +1100,Brisbane,'4054,QLD,AU
#1302,53.45,16.25,6.34,69.7,2015-11-27 12:24:36 +1100,Brisbane,'4054,QLD,AU
#1949,16.98,8,2.27,24.98,2016-12-13 13:19:32 +1100,Red Hill,'4059,QLD,AU
#1329,20.55,10.3,2.8,30.85,2015-12-05 12:03:12 +1100,Ashgrove,'4060,QLD,AU
#1264,34.74,13.05,4.34,47.79,2015-11-07 14:01:21 +1100, Brisbane ,'4068,QLD,AU
#1521,27.4,10.3,3.43,37.7,2016-06-27 20:03:07 +1000,Kenmore,'4069,QLD,AU
#1326,40.77,14.45,5.02,55.22,2015-12-04 19:52:51 +1100,Kenmore,'4069,QLD,AU
#1783,22.98,13.05,3.28,36.03,2016-11-19 11:56:09 +1100,Brisbane,'4074,QLD,AU
#1760,23.49,14.45,3.45,37.94,2016-11-12 15:02:01 +1100,Brisbane,'4074,QLD,AU
#1632,102.29,14.45,10.61,116.74,2016-09-05 20:46:37 +1000,Middle Park ,'4074,QLD,AU
#1880,47.96,13.05,5.55,61.01,2016-12-05 21:39:08 +1100,Oxley,'4075,QLD,AU
#1540,163.64,34,17.97,197.64,2016-07-14 15:47:38 +1000,Sherwood,'4075,QLD,AU
#1402,25.99,13.05,3.55,39.04,2016-01-10 18:06:16 +1100,Forest Lake,'4078,QLD,AU
#1762,53.88,8,5.63,61.88,2016-11-13 23:37:11 +1100,Sunshine,'4088,VIC,AU
#1573,143.5,16.65,14.56,160.15,2016-08-07 02:13:36 +1000,Brisbane,'4102,QLD,AU
#1064,59.89,11.75,6.51,71.64,2015-01-15 12:47:12 +1100,Brisbane,'4103,QLD,AU
#1069,11.95,14.8,2.43,26.75,2015-01-20 22:01:47 +1100,Brisbane,'4105,QLD,AU
#1515,112.13,16.65,11.71,128.78,2016-06-22 21:00:48 +1000,Brisbane,'4112,QLD,AU
#1323,38.94,23.15,5.64,62.09,2015-12-04 09:19:58 +1100,Brisbane,'4112,QLD,AU
#1642,87.93,34,11.08,121.93,2016-09-10 12:04:32 +1000,ALGESTER ,'4115,QLD,AU
#1940,49.99,8,0.73,57.99,2016-12-12 19:09:26 +1100,Upper Mount Gravatt,'4122,QLD,AU
#1698,50.3,13.05,5.76,63.35,2016-10-06 15:17:59 +1100,Brisbane,'4122,QLD,AU
#1199,65.9,13.05,7.18,78.95,2015-09-04 20:15:25 +1000,Greenbank,'4124,QLD,AU
#1522,27.44,10.3,3.43,37.74,2016-06-28 18:10:38 +1000,Daisy Hill,'4127,QLD,AU
#1892,55.98,14.45,6.4,70.43,2016-12-07 01:16:11 +1100,Shailer Park,'4128,QLD,AU
#1237,35.91,23.15,5.37,59.06,2015-10-24 10:16:00 +1100,Logan Reserve,'4133,QLD,AU
#1923,54.98,14.45,6.31,69.43,2016-12-11 09:50:23 +1100,Camp Hill,'4152,QLD,AU
#1696,20.92,8,2.63,28.92,2016-10-05 20:50:21 +1100,Camp hill,'4152,QLD,AU
#1274,20.99,8,2.64,28.99,2015-11-16 07:36:07 +1100,Carina,'4152,QLD,AU
#1857,38.99,10.3,4.48,49.29,2016-12-03 07:38:03 +1100,Chandler,'4155,QLD,AU
#1860,73.93,14.45,8.03,88.38,2016-12-03 14:23:12 +1100,CAPALABA,'4157,QLD,AU
#1651,26.44,14.45,3.72,40.89,2016-09-13 10:57:05 +1000,Birkdale,'4159,QLD,AU
#1216,11.95,10.3,2.02,22.25,2015-10-05 18:45:01 +1100,Birkdale,'4159,QLD,AU
#1180,68.85,13.05,1.19,81.9,2015-08-03 11:22:07 +1000,Birkdale,'4159,QLD,AU
#1536,40.94,13.05,4.91,53.99,2016-07-12 05:32:56 +1000,Brisbane,'4160,QLD,AU
#1305,29.99,13.05,3.91,43.04,2015-11-28 15:21:20 +1100,Wellington point,'4160,QLD,AU
#1460,97.52,14.45,10.18,111.97,2016-05-16 13:46:50 +1000,Thornlands,'4164,QLD,AU
#1061,81.87,14.8,8.79,96.67,2015-01-08 19:04:20 +1100,Thornlands,'4164,QLD,AU
#1920,43.49,9.79,4.84,53.28,2016-12-09 23:52:28 +1100,Redland bay,'4165,QLD,AU
#1919,32.99,9.79,3.89,42.78,2016-12-09 23:52:12 +1100,Redland bay,'4165,QLD,AU
#1275,24.99,8,3,32.99,2015-11-16 14:55:04 +1100,Balmoral,'4171,QLD,AU
#1269,16.95,13.05,2.73,30,2015-11-14 06:43:36 +1100,Hawthorne,'4171,QLD,AU
#2046,64.97,15.2,7.29,80.17,2017-02-27 14:47:09 +1100,Tingalpa,'4173,QLD,AU
#1349,55.2,14.45,6.33,69.65,2015-12-10 09:50:09 +1100,Wynnum West ,'4178,QLD,AU
#1036,49.85,25,6.8,74.85,2014-12-02 17:09:15 +1100,Macleay Island,'4184,QLD,AU
#2036,12.5,10.5,2.09,23,2017-02-16 22:15:07 +1100,Yarrabilba,'4207,QLD,AU
#1835,37.99,14.45,4.77,52.44,2016-11-29 12:22:43 +1100,Eagleby,'4207,QLD,AU
#1424,47.94,14.45,5.67,62.39,2016-02-23 19:15:47 +1100,Stapylton,'4207,QLD,AU
#1181,130.74,23.15,13.99,153.89,2015-08-03 11:55:59 +1000,Gold Coast,'4208,QLD,AU
#1324,26.95,8,3.18,34.95,2015-12-04 09:24:24 +1100,Upper Coomera,'4209,QLD,AU
#1393,53.38,13.05,6.04,66.43,2015-12-28 13:46:03 +1100,WONGAWALLAN,'4210,QLD,AU
#1049,19.95,7.5,2.5,27.45,2014-12-11 22:40:51 +1100,gold coast,'4211,QLD,AU
#1015,42.85,12.5,3.85,55.35,2014-11-04 22:44:50 +1100,gold coast,'4211,QLD,AU
#1821,26.79,10.3,3.37,37.09,2016-11-26 22:56:09 +1100,sanctuary cove,'4212,QLD,AU
#1336,192.13,30,20.19,222.13,2015-12-07 11:11:40 +1100,Gold Coast,'4212,QLD,AU
#1565,40.98,10.3,4.66,51.28,2016-08-03 10:32:36 +1000,Labrador,'4215,QLD,AU
#1235,24.99,10.3,3.21,35.29,2015-10-22 09:47:13 +1100,southport,'4215,QLD,AU
#2056,53.97,24.15,7.1,78.12,2017-03-05 14:16:57 +1100,Gold Coast- Royal Pines,'4217,QLD,AU
#1796,35.98,13.05,4.46,49.03,2016-11-21 21:26:59 +1100,Bundall,'4217,QLD,AU
#1807,19.99,9.79,2.71,29.78,2016-11-23 19:08:11 +1100,Broadbeach,'4218,QLD,AU
#1967,24.93,14.45,3.58,39.38,2016-12-15 13:31:51 +1100,Miami,'4220,QLD,AU
#1730,126.78,14.45,12.84,141.23,2016-11-02 15:46:49 +1100,Elanora,'4221,QLD,AU
#1341,29.99,13.05,3.91,43.04,2015-12-08 17:51:00 +1100,ROBINA,'4226,QLD,AU
#2112,41.88,10.5,4.76,52.38,2017-05-06 11:46:42 +1000,Cryna,'4285,QLD,AU
#1775,31.99,14.45,4.22,46.44,2016-11-16 18:55:17 +1100,CEDAR VALE,'4285,QLD,AU
#1310,62.85,16.25,7.19,79.1,2015-11-29 22:30:04 +1100,Springfield,'4300,QLD,AU
#1298,24.99,13.05,3.46,38.04,2015-11-25 13:49:14 +1100,Brisbane ,'4300,QLD,AU
#1179,71.24,16.25,7.95,87.49,2015-08-01 21:49:07 +1000,SPRINGFIELD LAKES,'4300,QLD,AU
#1406,24.99,14.45,3.59,39.44,2016-01-19 15:15:00 +1100,REDBANK PLAINS,'4301,QLD,AU
#2083,109.79,13.4,11.2,123.19,2017-03-25 23:24:55 +1100,Eastern Heights,'4305,QLD,AU
#1826,140.89,23.75,14.97,164.64,2016-11-28 12:29:41 +1100,East Ipswich,'4305,QLD,AU
#1726,38.23,13.05,4.66,51.28,2016-10-29 15:28:21 +1100,Ipswich,'4305,QLD,AU
#1570,69.99,13.05,7.55,83.04,2016-08-05 21:11:44 +1000,IPSWICH,'4305,QLD,AU
#1373,49.99,10.3,0.94,60.29,2015-12-15 23:15:00 +1100,Ipswich,'4305,QLD,AU
#1099,24.8,7.5,0.68,32.3,2015-04-13 12:22:39 +1000,One Mile,'4305,QLD,AU
#1114,83.5,25,9.86,108.5,2015-05-01 21:22:30 +1000,Wivenhoe Pocket,'4306,QLD,AU
#1732,69.98,13.05,7.55,83.03,2016-11-03 12:39:56 +1100,Mount Hallen,'4312,QLD,AU
#2087,54.99,17,6.54,71.99,2017-03-29 09:55:02 +1100,Rosewood,'4340,QLD,AU
#1939,11.95,9.79,1.98,21.74,2016-12-12 18:32:09 +1100,Toowoomba,'4350,QLD,AU
#1937,32.99,10.3,3.94,43.29,2016-12-12 14:38:49 +1100,Rangeville,'4350,QLD,AU
#1801,7.99,9.79,1.62,17.78,2016-11-22 23:52:08 +1100,Toowoomba,'4350,QLD,AU
#1044,59.9,11.75,6.51,71.65,2014-12-08 16:28:28 +1100,TOOWOOMBA,'4350,QLD,AU
#1866,40.98,14.45,5.04,55.43,2016-12-03 22:18:16 +1100,Kingsthorpe,'4400,QLD,AU
#1941,48.97,14.45,5.77,63.42,2016-12-12 21:18:21 +1100,Condamine,'4416,QLD,AU
#1554,7.8,8,1.44,15.8,2016-07-23 19:43:02 +1000,Roma,'4455,QLD,AU
#2039,7.99,9.79,1.62,17.78,2017-02-23 23:18:29 +1100,Blackall,'4472,QLD,AU
#1338,40.89,13.05,4.9,53.94,2015-12-07 15:29:30 +1100,Birdsville,'4482,QLD,AU
#1013,19.95,15,3.18,34.95,2014-10-18 21:29:28 +1100,Eulo,'4491,QLD,AU
#1770,25.99,9.79,3.25,35.78,2016-11-15 19:22:10 +1100,Strathpine,'4500,QLD,AU
#1708,49.97,8,5.27,57.97,2016-10-14 12:19:36 +1100,Brisbane,'4500,QLD,AU
#1699,18.99,10.3,2.66,29.29,2016-10-06 21:18:18 +1100,Warner,'4500,QLD,AU
#1498,19.99,16.65,3.33,36.64,2016-06-14 10:20:19 +1000,Brisbane,'4500,QLD,AU
#1211,19.95,8,2.54,27.95,2015-09-30 17:49:46 +1000,Brendale,'4500,QLD,AU
#2101,27.98,17,4.09,44.98,2017-04-12 21:13:33 +1000,Griffin,'4503,QLD,AU
#1475,70.78,14.45,7.75,85.23,2016-05-30 16:34:17 +1000,Kallangur,'4503,QLD,AU
#1086,7.45,25,2.95,32.45,2015-03-04 14:57:34 +1100,Burpengary,'4505,QLD,AU
#1782,21.99,9.79,2.89,31.78,2016-11-19 11:32:10 +1100,Caboolture South,'4506,QLD,AU
#1315,139.22,30,15.38,169.22,2015-12-01 12:22:44 +1100,MORAYFIELD,'4506,QLD,AU
#1845,27.88,14.45,3.85,42.33,2016-11-30 15:11:44 +1100,Bongaree,'4507,QLD,AU
#1432,67.44,16.25,7.61,83.69,2016-03-08 14:04:13 +1100,North lakes,'4509,QLD,AU
#1367,59.9,13.05,6.63,72.95,2015-12-14 20:03:09 +1100,Toorbul,'4510,QLD,AU
#1354,24.99,14.45,3.59,39.44,2015-12-10 23:18:58 +1100,Wamuran,'4512,QLD,AU
#1240,60.59,14.45,6.82,75.04,2015-10-26 16:06:21 +1100,Elimbah,'4516,QLD,AU
#1330,39.9,16.25,5.1,56.15,2015-12-05 17:01:14 +1100,Glass House Mountains,'4518,QLD,AU
#1470,50.25,14.45,5.88,64.7,2016-05-24 21:40:22 +1000,Beerwah,'4519,QLD,AU
#1615,7.99,14,2,21.99,2016-08-29 16:10:19 +1000,Rush Creek,'4521,QLD,AU
#1883,19.99,9.79,2.71,29.78,2016-12-06 11:37:27 +1100,LITTLE MOUNTAIN,'4551,QLD,AU
#1266,140.72,30,15.52,170.72,2015-11-11 07:40:04 +1100,Pelican Waters,'4551,QLD,AU
#1204,82.8,25,9.8,107.8,2015-09-12 19:38:17 +1000,Pelican Waters,'4551,QLD,AU
#1962,62.13,14.45,6.96,76.58,2016-12-14 16:12:36 +1100,Glenview,'4553,QLD,AU
#1543,29.99,10.3,3.66,40.29,2016-07-16 12:58:40 +1000,Mooloolah,'4553,QLD,AU
#1541,29.99,8,3.45,37.99,2016-07-14 21:06:38 +1000,Buderim,'4556,QLD,AU
#1343,24.99,13.05,3.46,38.04,2015-12-09 17:07:39 +1100,BUDERIM,'4556,QLD,AU
#1871,36.97,13.05,4.55,50.02,2016-12-05 05:49:17 +1100,Bli Bli,'4560,QLD,AU
#2076,136.88,17,13.99,153.88,2017-03-22 21:04:37 +1100,Sunrise Beach,'4567,QLD,AU
#1905,45.99,14.45,5.49,60.44,2016-12-08 10:01:48 +1100,GYMPIE,'4570,QLD,AU
#1612,64.84,13.05,7.08,77.89,2016-08-28 15:58:09 +1000,Coolum Beach,'4573,QLD,AU
#1195,97.1,25,11.1,122.1,2015-08-27 12:16:35 +1000,Peregian Beach,'4573,QLD,AU
#1063,23.95,11.75,3.25,35.7,2015-01-12 11:57:37 +1100,Kingaroy,'4610,QLD,AU
#1630,7.3,12,1.75,19.3,2016-09-05 02:38:11 +1000,Bundaberg North,'4670,QLD,AU
#1366,48.94,13.05,5.64,61.99,2015-12-14 17:09:18 +1100,Miriam Vale,'4677,QLD,AU
#1992,88.96,17,9.63,105.96,2017-01-10 15:48:05 +1100,Calliope,'4680,QLD,AU
#1595,10.99,8,1.73,18.99,2016-08-16 20:03:28 +1000,Burua,'4680,QLD,AU
#1585,36.95,16.65,4.87,53.6,2016-08-11 15:58:09 +1000,Gladstone Australia,'4680,QLD,AU
#1530,31.99,13.05,4.09,45.04,2016-07-04 20:46:21 +1000,Gladstone ,'4680,QLD,AU
#1391,68.25,16.25,7.68,84.5,2015-12-26 11:08:41 +1100,Kirkwood ,'4680,QLD,AU
#1369,29.89,14.45,4.03,44.34,2015-12-15 10:38:10 +1100,Calliope,'4680,QLD,AU
#1208,13.3,8,1.94,21.3,2015-09-21 12:03:21 +1000,Boyne Island,'4680,QLD,AU
#1059,29.95,11.75,3.79,41.7,2015-01-07 19:54:21 +1100,gladstone,'4680,QLD,AU
#1037,109.85,25,12.26,134.85,2014-12-03 12:36:53 +1100,Gladstone ,'4680,QLD,AU
#1729,19.99,13.05,3,33.04,2016-11-01 13:56:36 +1100,MT LARCOM,'4695,QLD,AU
#1166,65.54,13.05,7.14,78.59,2015-07-12 14:42:14 +1000,Rockhampton ,'4700,QLD,AU
#1419,16.99,8,2.27,24.99,2016-02-08 15:13:39 +1100,NORTH ROCKHAMPTON,'4701,QLD,AU
#1190,277.89,23.15,27.37,301.04,2015-08-20 16:26:48 +1000,Berserker,'4701,QLD,AU
#1750,23.93,9.79,3.07,33.72,2016-11-10 09:02:59 +1100,Rubyvale,'4702,QLD,AU
#1091,64.85,14.7,7.23,79.55,2015-03-22 23:26:52 +1100,Emu Park,'4710,QLD,AU
#1548,24.99,16.65,3.79,41.64,2016-07-20 17:18:45 +1000,Glenlee,'4711,QLD,AU
#2090,86.94,13.4,9.12,100.34,2017-03-31 13:10:19 +1100,Mt Morgan,'4714,QLD,AU
#1986,11.99,9.79,1.98,21.78,2017-01-06 14:02:24 +1100,Moura,'4718,QLD,AU
#1580,28.5,13.05,3.78,41.55,2016-08-09 18:46:35 +1000,EMERALD,'4720,QLD,AU
#2047,86.97,24.15,10.1,111.12,2017-02-28 08:04:47 +1100,Springsure,'4722,QLD,AU
#1514,39.95,16.65,5.15,56.6,2016-06-22 08:17:50 +1000,Springsure,'4722,QLD,AU
#2023,29.99,8.2,3.47,38.19,2017-02-09 09:49:03 +1100,Eimeo,'4740,QLD,AU
#1731,7.3,10.3,1.6,17.6,2016-11-03 10:35:39 +1100,Mackay,'4740,QLD,AU
#1446,42.27,14.45,5.16,56.72,2016-04-13 16:16:10 +1000,Mackay,'4740,QLD,AU
#1185,39.9,13.05,4.81,52.95,2015-08-09 08:52:48 +1000,mackay,'4740,QLD,AU
#1184,24.99,13.05,3.46,38.04,2015-08-08 15:42:32 +1000,mackay,'4740,QLD,AU
#1090,49.95,11.8,5.61,61.75,2015-03-21 22:21:06 +1100,Mackay,'4740,QLD,AU
#1308,49.85,16.25,6.01,66.1,2015-11-29 16:51:07 +1100,Farleigh,'4741,QLD,AU
#1588,20.99,8,2.64,28.99,2016-08-12 18:48:38 +1000,Moranbah,'4744,QLD,AU
#1251,32.99,8,3.73,40.99,2015-11-03 10:30:33 +1100,Moranbah,'4744,QLD,AU
#1820,191.35,0,17.39,191.35,2016-11-26 20:48:30 +1100,Airlie Beach,'4802,QLD,AU
#1961,25.48,8,3.04,33.48,2016-12-14 15:32:45 +1100,Ayr,'4807,QLD,AU
#1675,49.99,10.3,0.94,60.29,2016-09-26 14:38:31 +1000,North Ward,'4810,NT,AU
#1633,41.63,14.45,5.1,56.08,2016-09-05 21:20:00 +1000,West End,'4810,QLD,AU
#1581,66.14,14.45,7.33,80.59,2016-08-09 23:53:05 +1000,Townsville,'4810,QLD,AU
#1347,50.21,30,7.29,80.21,2015-12-09 22:30:55 +1100,Townsville,'4810,QLD,AU
#1489,44.93,14.45,5.4,59.38,2016-06-08 06:16:46 +1000,Cranbrook,'4814,QLD,AU
#1034,38.9,14.75,4.88,53.65,2014-12-01 09:35:44 +1100,Townsville,'4814,QLD,AU
#1007,49.95,15,5.9,64.95,2014-09-10 21:12:45 +1000,Palm Island,'4816,QLD,AU
#1965,92.87,34,11.53,126.87,2016-12-14 19:07:02 +1100,Kirwan,'4817,QLD,AU
#2006,6.99,9.79,1.53,16.78,2017-01-25 17:34:11 +1100,Burdell,'4818,QLD,AU
#1469,24.95,16.65,3.78,41.6,2016-05-24 21:19:39 +1000,Burdell,'4818,QLD,AU
#1340,56.94,14.45,6.49,71.39,2015-12-08 15:30:06 +1100,Townsville,'4818,QLD,AU
#1236,62.85,35,8.9,97.85,2015-10-23 07:23:02 +1100,Black River,'4818,QLD,AU
#1145,14.35,7.5,1.99,21.85,2015-06-14 13:42:29 +1000,Charters Towers,'4820,QLD,AU
#2103,72.93,13.4,7.85,86.33,2017-04-24 15:31:06 +1000,Cairns,'4870,QLD,AU
#2018,100.62,24.15,11.34,124.77,2017-02-02 14:46:17 +1100,Cairns,'4870,QLD,AU
#1791,36.94,13.05,4.54,49.99,2016-11-21 11:16:06 +1100,Cairns,'4870,QLD,AU
#1626,34.99,13.05,4.37,48.04,2016-09-03 19:31:04 +1000,Cairns,'4870,QLD,AU
#1461,21.99,10.3,2.94,32.29,2016-05-16 21:21:10 +1000,Freshwater ,'4870,QLD,AU
#1194,32.35,8,3.67,40.35,2015-08-24 20:38:09 +1000,Cairns ,'4870,QLD,AU
#1011,19.95,15,3.18,34.95,2014-10-16 13:21:21 +1100,redlynch cairns,'4870,QLD,AU
#1918,49.93,14.45,5.85,64.38,2016-12-09 21:35:56 +1100,Kurrimine beach ,'4871,QLD,AU
#1666,77.97,13.05,8.27,91.02,2016-09-21 07:43:12 +1000,Speewah,'4881,QLD,AU
#1517,108.42,16.65,11.37,125.07,2016-06-23 19:41:00 +1000,Speewah,'4881,QLD,AU
#2086,66.98,13.4,7.31,80.38,2017-03-29 08:04:57 +1100,Ravenshoe,'4888,QLD,AU
#1436,47.94,10.3,5.29,58.24,2016-03-14 09:49:53 +1100,Kowanyama,'4892,QLD,AU
#1669,11.49,7.99,1.77,19.48,2016-09-23 07:30:16 +1000,Adelaide,'5000,SA,AU
#1286,23.99,8,0.73,31.99,2015-11-22 08:41:03 +1100,Hindmarsh,'5007,SA,AU
#1982,30.97,8,3.54,38.97,2017-01-03 12:19:52 +1100,woodville,'5011,SA,AU
#1777,77.97,13.05,8.27,91.02,2016-11-17 22:28:21 +1100,Albert Park ,'5014,SA,AU
#1995,7.99,9.79,1.62,17.78,2017-01-13 22:06:29 +1100,SEMAPHORE PARK,'5019,SA,AU
#1435,70.04,13.05,7.55,83.09,2016-03-11 21:23:27 +1100,Adelaide ,'5019,SA,AU
#1503,476.9,30,46.08,506.9,2016-06-16 18:20:26 +1000,New South Wales,'5022,SA,AU
#1353,44.28,14.45,5.34,58.73,2015-12-10 21:54:06 +1100,West Beach,'5024,SA,AU
#2050,105.95,17,11.18,122.95,2017-03-03 11:20:47 +1100,Lockleys,'5032,SA,AU
#1586,31.9,8,3.63,39.9,2016-08-11 18:24:45 +1000,brooklyn park,'5032,SA,AU
#1225,88.53,14.45,9.36,102.98,2015-10-12 16:28:45 +1100,BROOKLYN PARK,'5032,SA,AU
#1713,20.85,13.05,3.08,33.9,2016-10-17 12:42:51 +1100,millswood,'5034,SA,AU
#1222,13.95,8,2,21.95,2015-10-10 14:56:19 +1100,Millswood,'5034,SA,AU
#1306,123.71,16.25,12.72,139.96,2015-11-28 21:31:36 +1100,EVERARD PARK,'5035,SA,AU
#2028,19.99,13.4,3.04,33.39,2017-02-10 21:09:37 +1100,WESTBOURNE PARK,'5041,SA,AU
#1162,32.9,14.45,4.3,47.35,2015-07-07 10:38:22 +1000,Ascot park,'5043,SA,AU
#1929,65.28,14.45,7.25,79.73,2016-12-11 22:02:13 +1100,Brighton,'5048,SA,AU
#1907,49.99,8,5.27,57.99,2016-12-08 10:37:47 +1100,Eden Hills ,'5050,SA,AU
#1867,58.97,13.05,6.55,72.02,2016-12-04 09:25:30 +1100,Eden Hills ,'5050,SA,AU
#1657,69.25,13.05,7.48,82.3,2016-09-18 08:45:20 +1000,Coromandel Valley,'5051,SA,AU
#1572,68.86,14.45,7.57,83.31,2016-08-07 00:04:22 +1000,Coromandel Valley,'5051,SA,AU
#1771,25.89,13.05,3.54,38.94,2016-11-15 21:42:44 +1100,Malvern Adelaide,'5061,SA,AU
#1563,30.94,16.65,4.33,47.59,2016-08-01 14:33:50 +1000,Unley,'5061,SA,AU
#1453,25.99,14.45,3.68,40.44,2016-05-02 20:00:43 +1000,Unley,'5061,SA,AU
#1550,18.95,13.05,2.91,32,2016-07-20 22:58:42 +1000,"CLAPHAM, South Australia",'5062,SA,AU
#1829,40.98,16.65,5.24,57.63,2016-11-28 15:44:06 +1100,Tusmore,'5065,SA,AU
#2099,34.98,13.4,4.4,48.38,2017-04-10 09:44:15 +1000,Norwood,'5067,SA,AU
#1307,36.25,16.25,4.77,52.5,2015-11-29 12:32:32 +1100,Norwood,'5067,SA,AU
#1427,30.85,13.05,3.99,43.9,2016-02-26 16:58:57 +1100,Kensington ,'5068,SA,AU
#1423,60.25,16.25,6.95,76.5,2016-02-21 22:50:36 +1100,Kensington ,'5068,SA,AU
#1111,25.95,7.5,0.68,33.45,2015-04-27 10:21:51 +1000,Stepney,'5069,SA,AU
#1212,32.15,8,3.65,40.15,2015-10-02 07:58:20 +1000,Skye,'5072,SA,AU
#1490,27.49,13.05,3.69,40.54,2016-06-08 09:30:11 +1000,WALKERVILLE,'5081,SA,AU
#1104,24.8,7.5,0.68,32.3,2015-04-15 18:33:04 +1000,Windsor gardens,'5087,SA,AU
#1963,27.6,8,3.24,35.6,2016-12-14 16:41:39 +1100,Adelaide,'5089,SA,AU
#1921,19.99,9.79,2.71,29.78,2016-12-10 09:32:08 +1100,Para Vista,'5093,SA,AU
#1567,10.95,7.99,1.73,18.94,2016-08-04 08:38:20 +1000,Mawson Lakes,'5095,SA,AU
#1564,8.99,7.99,1.55,16.98,2016-08-01 18:58:11 +1000,Mawson Lakes,'5095,SA,AU
#2004,19.99,9.79,2.71,29.78,2017-01-22 12:53:45 +1100,ST AGNES,'5097,SA,AU
#1290,29.99,8,3.45,37.99,2015-11-22 20:39:37 +1100,Adelaide,'5109,SA,AU
#2029,32.99,16.1,4.46,49.09,2017-02-11 09:26:10 +1100,EDINBURGH NORTH,'5113,SA,AU
#1700,27.93,8,3.27,35.93,2016-10-07 01:06:51 +1100,Blakeview,'5114,SA,AU
#1486,37.94,14.45,4.76,52.39,2016-06-06 14:35:15 +1000,Willaston,'51178,SA,AU
#1352,12.5,10.3,2.07,22.8,2015-12-10 20:41:20 +1100,Golden Grove,'5125,SA,AU
#1182,24.95,14.45,3.58,39.4,2015-08-05 22:17:29 +1000,Greenwith,'5125,SA,AU
#2025,19.99,9.79,2.71,29.78,2017-02-09 17:32:11 +1100,Macclesfield,'5153,SA,AU
#1280,58.55,13.05,6.51,71.6,2015-11-18 15:50:33 +1100,Lonsdale,'5160,SA,AU
#1297,42.94,16.25,5.38,59.19,2015-11-25 11:58:58 +1100,ADELAIDE,'5161,SA,AU
#1371,39.94,23.15,5.74,63.09,2015-12-15 20:19:17 +1100,Woodcroft,'5162,SA,AU
#1843,40.98,14.45,5.04,55.43,2016-11-30 08:05:54 +1100,"Port Noarlunga , Adelaide",'5167,SA,AU
#1273,78.24,16.25,8.59,94.49,2015-11-15 17:10:11 +1100,Port Noarlunga South,'5167,SA,AU
#1244,24.99,8,3,32.99,2015-10-29 11:50:19 +1100,Pt Noarlunga South,'5167,SA,AU
#1643,54.17,14.45,6.24,68.62,2016-09-10 14:34:59 +1000,Seaford Meadows,'5169,SA,AU
#2107,101.92,34,12.36,135.92,2017-04-30 12:24:43 +1000,ALDINGA BEACH,'5173,SA,AU
#1233,162.78,25,17.07,187.78,2015-10-19 22:35:54 +1100,Meadows,'5201,SA,AU
#1434,84.89,13.05,8.9,97.94,2016-03-09 10:32:01 +1100,Carrickalinga,'5204,SA,AU
#1038,29.99,7.5,3.41,37.49,2014-12-04 13:36:45 +1100,Kingscote,'5223,SA,AU
#1009,47.85,15,4.54,62.85,2014-09-19 09:53:32 +1000,Kingscote,'5223,SA,AU
#1828,67.93,9.79,7.06,77.72,2016-11-28 13:12:46 +1100,Birdwood,'5234,SA,AU
#1685,43.98,13.05,5.18,57.03,2016-10-02 15:14:38 +1100,NAIRNE,'5252,SA,AU
#1041,44.9,11.75,5.15,56.65,2014-12-06 12:14:12 +1100,Mundulla,'5270,SA,AU
#1119,51.9,11.8,1.07,63.7,2015-05-10 10:45:07 +1000,Mount Gambier,'5290,SA,AU
#1328,59.99,13.05,6.64,73.04,2015-12-05 09:17:47 +1100,Mount gambier east,'5291,SA,AU
#1219,64.85,25,8.17,89.85,2015-10-08 11:31:20 +1100,COCKATOO VALLEY,'5351,SA,AU
#1500,19.98,13.05,3,33.03,2016-06-14 16:52:21 +1000,South Australia ,'5355,SA,AU
#1495,9.99,8,1.64,17.99,2016-06-12 20:58:55 +1000,South Australia ,'5355,SA,AU
#2092,41.98,13.4,5.03,55.38,2017-04-02 20:25:35 +1000,Kapunda,'5373,SA,AU
#1331,42.89,14.45,5.21,57.34,2015-12-06 07:57:27 +1100,Eudunda,'5374,SA,AU
#1277,24.99,14.45,3.59,39.44,2015-11-17 12:14:20 +1100,Melrose,'5483,SA,AU
#1174,42.47,13.05,5.05,55.52,2015-07-26 12:41:29 +1000,Melrose,'5483,SA,AU
#2030,5.99,10.5,1.5,16.49,2017-02-11 23:18:36 +1100,JAMESTOWN,'5491,SA,AU
#1776,54.88,14.45,6.3,69.33,2016-11-17 20:28:18 +1100,JAMESTOWN,'5491,SA,AU
#1809,10.99,9.79,1.89,20.78,2016-11-23 22:06:29 +1100,Yorketown,'5576,SA,AU
#1996,19.99,9.79,2.71,29.78,2017-01-14 00:32:12 +1100,Whyalla,'5600,SA,AU
#1523,19.99,16.65,3.33,36.64,2016-06-30 20:06:06 +1000,Whyalla,'5608,SA,AU
#1146,23.95,20.85,4.07,44.8,2015-06-14 13:54:46 +1000,Penong,'5690,SA,AU
#1599,50.38,13.05,5.77,63.43,2016-08-18 15:57:49 +1000,Stirling North,'5710,SA,AU
#1139,49.95,13.05,5.73,63,2015-06-07 13:04:59 +1000,Perth,'6000,WA,AU
#1288,43.48,13.05,5.14,56.53,2015-11-22 18:50:38 +1100,Perth ,'6005,WA,AU
#2054,202.09,17,19.92,219.09,2017-03-04 17:00:27 +1100,North Perth,'6006,WA,AU
#1399,66.72,13.05,7.25,79.77,2016-01-05 00:32:55 +1100,North Perth,'6006,WA,AU
#1267,114.93,14.45,11.76,129.38,2015-11-11 15:14:51 +1100,North Perth,'6006,WA,AU
#1218,29.99,8,3.45,37.99,2015-10-06 19:09:03 +1100,Subiaco,'6008,WA,AU
#2069,24.99,8.2,3.02,33.19,2017-03-15 19:00:43 +1100,Peppermint Grove,'6011,WA,AU
#1621,44.27,8,4.75,52.27,2016-09-01 23:04:09 +1000,Wembley,'6014,WA,AU
#1130,102,13.05,10.46,115.05,2015-05-29 17:48:45 +1000,City Beach,'6015,WA,AU
#1205,44.95,14.45,5.4,59.4,2015-09-17 17:57:25 +1000,Perth,'6016,WA,AU
#2061,25.98,8.2,3.11,34.18,2017-03-07 16:25:46 +1100,Innaloo,'6018,WA,AU
#1774,206.85,34,21.9,240.85,2016-11-16 17:55:55 +1100,Perth,'6018,WA,AU
#1609,29.9,13.05,3.9,42.95,2016-08-27 16:29:00 +1000,Perth,'6018,WA,AU
#1551,10.99,8,1.73,18.99,2016-07-20 23:55:06 +1000,Perth,'6019,WA,AU
#2085,46.99,17,5.82,63.99,2017-03-27 18:26:50 +1100,DUNCRAIG,'6021,WA,AU
#1152,31.95,10,3.81,41.95,2015-06-19 21:28:14 +1000,Balcatta,'6021,WA,AU
#1953,24.99,10.3,3.21,35.29,2016-12-13 14:46:30 +1100,Duncraig,'6023,WA,AU
#1173,36.59,14.45,4.64,51.04,2015-07-23 23:43:47 +1000,Duncraig,'6023,WA,AU
#1938,66.87,16.65,7.59,83.52,2016-12-12 17:33:02 +1100,Perth,'6026,WA,AU
#1020,19.95,7.5,2.5,27.45,2014-11-10 16:33:48 +1100,PERTH,'6026,WA,AU
#1683,34.99,7.99,3.91,42.98,2016-10-01 20:26:10 +1000,Mullaloo,'6027,WA,AU
#1561,79.19,14.45,8.51,93.64,2016-07-31 21:25:53 +1000,Joondalup,'6027,WA,AU
#1032,14.95,7.5,2.04,22.45,2014-11-28 19:11:09 +1100,Beldon,'6027,WA,AU
#1720,7.3,10.3,1.6,17.6,2016-10-23 13:00:23 +1100,KINROSS,'6028,WA,AU
#1282,39.84,13.05,4.81,52.89,2015-11-19 23:21:49 +1100,Perth,'6028,WA,AU
#1614,56.54,13.05,6.33,69.59,2016-08-29 15:13:15 +1000,Quinns Rocks,'6030,WA,AU
#1203,11.95,8,1.81,19.95,2015-09-12 16:36:53 +1000,Mindarie,'6030,WA,AU
#1200,142.88,16.25,14.47,159.13,2015-09-06 00:14:46 +1000,Clarkson,'6030,WA,AU
#1584,77.75,13.05,8.25,90.8,2016-08-11 10:57:02 +1000,perth,'6031,WA,AU
#1846,31.99,10.3,3.84,42.29,2016-12-01 09:55:25 +1100,Eglinton,'6034,WA,AU
#1677,94.76,14.45,9.93,109.21,2016-09-26 18:34:06 +1000,Maylands,'6051,WA,AU
#1398,23.99,8,0.73,31.99,2016-01-03 00:50:46 +1100,Maylands,'6051,WA,AU
#1360,23.99,10.3,0.94,34.29,2015-12-12 15:50:44 +1100,Maylands,'6051,WA,AU
#1627,29.93,8,3.45,37.93,2016-09-04 12:49:29 +1000,bayswater,'6053,WA,AU
#1309,62.79,13.05,6.89,75.84,2015-11-29 19:20:19 +1100,Bayswater,'6053,WA,AU
#2016,36.89,17,4.9,53.89,2017-02-01 22:36:28 +1100,EDEN HILL,'6054,WA,AU
#1589,10.99,7.99,1.73,18.98,2016-08-13 01:28:13 +1000,Henley Brook,'6055,WA,AU
#1068,19.95,20,3.63,39.95,2015-01-19 20:29:33 +1100,helena valley ,'6056,WA,AU
#1394,24.99,13.05,3.46,38.04,2015-12-29 23:13:38 +1100,Forrestfield ,'6058,WA,AU
#1040,15.85,7.5,2.12,23.35,2014-12-05 00:10:49 +1100,Perth,'6060,WA,AU
#1494,19.99,13.05,3,33.04,2016-06-11 16:18:20 +1000,Morley,'6062,WA,AU
#1459,90.3,13.05,9.4,103.35,2016-05-15 23:10:04 +1000,GIRRAWHEEN,'6064,WA,AU
#1295,44.99,13.05,5.28,58.04,2015-11-24 16:20:06 +1100,Hocking,'6065,WA,AU
#1163,172.81,23.15,17.81,195.96,2015-07-08 12:48:14 +1000,wangara,'6065,WA,AU
#1970,27.98,23.75,4.7,51.73,2016-12-15 21:38:57 +1100,Ballajura,'6066,WA,AU
#1723,52.59,14.45,6.09,67.04,2016-10-25 19:03:09 +1100,Darlington,'6070,WA,AU
#1716,85.26,16.65,9.26,101.91,2016-10-20 14:35:25 +1100,Paulls Valley,'6076,WA,AU
#1602,43.88,16.65,5.5,60.53,2016-08-21 22:04:04 +1000,Lesmurdie,'6076,WA,AU
#1035,49.9,11.75,5.6,61.65,2014-12-02 12:11:02 +1100,Lathlain,'6100,WA,AU
#1823,29.99,8,3.45,37.99,2016-11-27 18:07:28 +1100,CARLISLE,'6101,WA,AU
#1533,49.98,23.75,6.7,73.73,2016-07-10 13:22:47 +1000,CARLISLE NORTH,'6101,WA,AU
#1499,25.75,14.45,3.65,40.2,2016-06-14 12:58:23 +1000,Perth,'6101,WA,AU
#2060,187.38,17,18.58,204.38,2017-03-07 15:33:24 +1100,Kewdale ,'6105,WA,AU
#1603,39.95,14,4.9,53.95,2016-08-21 22:04:12 +1000,Huntingdale,'6110,WA,AU
#2084,46.98,13.4,5.49,60.38,2017-03-26 19:20:26 +1100,Roleystone,'6111,WA,AU
#1793,16.99,8,2.27,24.99,2016-11-21 14:23:15 +1100,Kelmscott ,'6111,WA,AU
#1579,46.23,13.05,5.39,59.28,2016-08-09 18:08:08 +1000,Roleystone,'6111,WA,AU
#1102,74.65,20.85,8.68,95.5,2015-04-15 11:41:41 +1000,Roleystone,'6111,WA,AU
#1814,59.97,13.05,6.64,73.02,2016-11-24 15:38:49 +1100,Harrisdale,'6112,WA,AU
#1158,44.99,10,5,54.99,2015-06-30 14:03:50 +1000,Perth ,'6112,WA,AU
#1766,29.98,13.05,3.91,43.03,2016-11-14 13:04:07 +1100,Serpentine,'6125,WA,AU
#1283,101.58,14.45,10.55,116.03,2015-11-20 16:49:01 +1100,LYNWOOD,'6147,WA,AU
#1769,19.99,8,2.54,27.99,2016-11-15 17:48:03 +1100,Shelley,'6148,WA,AU
#1663,15.9,8,2.17,23.9,2016-09-19 22:21:50 +1000,Riverton,'6148,WA,AU
#1601,38.78,13.05,4.71,51.83,2016-08-20 21:07:21 +1000,Perth,'6148,WA,AU
#1228,68.26,13.05,7.39,81.31,2015-10-14 21:32:43 +1100,leeming,'6149,WA,AU
#1278,39.95,8,4.36,47.95,2015-11-18 00:14:46 +1100,Como,'6152,WA,AU
#1454,17.95,8,2.36,25.95,2016-05-04 12:56:21 +1000,Willetton,'6155,WA,AU
#1053,36.8,11.75,4.41,48.55,2014-12-15 20:08:34 +1100,Canning Vale,'6155,WA,AU
#1583,33.55,8,3.78,41.55,2016-08-10 14:26:47 +1000,Attadale,'6156,WA,AU
#2037,104.32,24.15,11.68,128.47,2017-02-19 13:34:54 +1100,Bibra Lake,'6163,WA,AU
#1909,91.86,23.75,10.51,115.61,2016-12-08 15:21:19 +1100,Kardinya,'6163,WA,AU
#1756,24.99,16.65,3.79,41.64,2016-11-11 16:53:39 +1100,Kardinya,'6163,ACT,AU
#1733,128.88,34,14.81,162.88,2016-11-03 21:51:46 +1100,Kardinya,'6163,ACT,AU
#1339,49.95,16.25,6.02,66.2,2015-12-07 16:57:33 +1100,Samson,'6163,WA,AU
#1510,80.4,34,10.4,114.4,2016-06-20 05:03:42 +1000,Jandakot,'6164,WA,AU
#1405,46.5,14.45,5.54,60.95,2016-01-17 03:08:24 +1100,Kwinana,'6167,WA,AU
#1281,39.9,16.25,5.1,56.15,2015-11-19 19:32:20 +1100,Rockingham,'6168,WA,AU
#1531,9.45,8,1.59,17.45,2016-07-04 22:18:15 +1000,SafetyBay,'6169,WA,AU
#1078,13.95,11.8,2.34,25.75,2015-02-10 20:48:36 +1100,Shoalwater,'6169,WA,AU
#1968,59.99,16.65,6.97,76.64,2016-12-15 20:00:49 +1100,perth,'6171,WA,AU
#2113,39.99,10.5,4.59,50.49,2017-05-08 20:34:12 +1000,WANNANUP,'6210,WA,AU
#2068,118.33,10.2,11.71,128.53,2017-03-15 03:32:16 +1100,Mandurah,'6210,WA,AU
#2063,12.99,10.2,2.11,23.19,2017-03-11 02:18:55 +1100,Mandurah,'6210,WA,AU
#1787,36.93,13.05,4.54,49.98,2016-11-20 17:12:12 +1100,Madora Bay,'6210,WA,AU
#1519,24.91,13.05,3.45,37.96,2016-06-24 18:20:30 +1000,silver sands,'6210,WA,AU
#1863,4.99,10.3,1.39,15.29,2016-12-03 14:56:25 +1100,Collie,'6225,WA,AU
#1773,23.8,10.3,3.1,34.1,2016-11-16 16:09:03 +1100,Bunbury,'6230,WA,AU
#1761,394.63,34,38.97,428.63,2016-11-13 19:27:21 +1100,DALYELLUP,'6230,WA,AU
#1403,24.99,14.45,3.59,39.44,2016-01-12 23:31:18 +1100,Bunbury,'6230,WA,AU
#1241,173.78,16.25,17.28,190.03,2015-10-26 20:00:05 +1100,Dalyellup,'6230,WA,AU
#1463,87.92,13.05,9.18,100.97,2016-05-19 08:39:58 +1000,DONNYBROOK,'6239,WA,AU
#2100,48.99,15.2,5.84,64.19,2017-04-11 12:34:15 +1000,West Busselton,'6280,WA,AU
#1600,28.5,13.05,3.78,41.55,2016-08-19 15:27:57 +1000,Busselton,'6280,TAS,AU
#1592,94.96,16.65,10.15,111.61,2016-08-16 13:41:56 +1000,West Busselton,'6280,WA,AU
#1854,19.99,9.79,2.71,29.78,2016-12-02 00:52:14 +1100,Cowaramup,'6284,WA,AU
#1755,35.88,14.45,4.58,50.33,2016-11-11 14:40:21 +1100,Pingelly,'6308,WA,AU
#1065,23.95,14.8,3.52,38.75,2015-01-16 12:40:43 +1100,Tambellup,'6320,WA,AU
#1414,24.99,14.45,3.59,39.44,2016-01-24 16:44:28 +1100,Bayonet Head,'6330,WA,AU
#1033,35.85,11.75,4.33,47.6,2014-11-30 03:26:36 +1100,Hopetoun,'6348,WA,AU
#1520,43.98,23.75,6.16,67.73,2016-06-25 12:20:29 +1000,Wickepin,'6370,WA,AU
#1504,57.97,23.75,7.43,81.72,2016-06-16 23:06:15 +1000,Wickepin ,'6370,WA,AU
#2005,19.99,9.79,2.71,29.78,2017-01-24 14:12:29 +1100,Meckering,'6405,WA,AU
#2109,49.99,17,6.09,66.99,2017-04-30 19:26:40 +1000,Kalgoorlie,'6430,WA,AU
#1721,58.89,16.65,6.87,75.54,2016-10-24 11:03:20 +1100,Geraldton,'6530,WA,AU
#1702,26.95,9.79,3.34,36.74,2016-10-08 19:24:14 +1100,geraldton,'6530,WA,AU
#1594,20.94,8,2.63,28.94,2016-08-16 17:41:08 +1000,Geraldton,'6530,WA,AU
#1560,110.73,13.05,11.25,123.78,2016-07-31 20:03:40 +1000,Geraldon,'6530,WA,AU
#1506,52.59,13.05,5.97,65.64,2016-06-17 16:09:12 +1000,Mahomets Flats,'6530,WA,AU
#1779,23.97,8,2.91,31.97,2016-11-18 13:52:28 +1100,Glenfield,'6532,WA,AU
#1861,65.9,34,9.08,99.9,2016-12-03 14:35:25 +1100,Chidlow,'6556,WA,AU
#1836,110.58,16.65,11.57,127.23,2016-11-29 18:33:53 +1100,Exmouth,'6707,WA,AU
#1891,69.97,13.05,7.55,83.02,2016-12-06 22:47:11 +1100,Karratha,'6714,WA,AU
#1539,105.72,23.75,11.77,129.47,2016-07-14 14:35:40 +1000,Karratha,'6714,WA,AU
#1128,24.95,25,4.54,49.95,2015-05-22 10:59:29 +1000,South Hedland ,'6722,WA,AU
#1624,25.99,13.05,3.55,39.04,2016-09-03 09:54:41 +1000,derby,'6728,WA,AU
#1025,43.9,7.5,4.67,51.4,2014-11-15 14:31:07 +1100,Tom Price,'6751,WA,AU
#1553,105.76,13.05,10.8,118.81,2016-07-21 21:56:51 +1000,Newman ,'6753,WA,AU
#2053,15.9,10.5,2.4,26.4,2017-03-04 12:57:27 +1100,Bayswater,'6933,WA,AU
#1502,26.18,14.45,3.69,40.63,2016-06-16 16:20:00 +1000,South Hobart,'7004,TAS,AU
#1468,5.95,13.05,1.73,19,2016-05-24 19:36:01 +1000,Lenah Valley,'7008,TAS,AU
#1375,24.4,8,2.95,32.4,2015-12-16 16:21:39 +1100,Glenorchy,'7010,TAS,AU
#1106,25.95,7.5,0.68,33.45,2015-04-16 20:35:35 +1000,Montrose,'7010,TAS,AU
#1718,99.92,16.65,10.6,116.57,2016-10-21 20:00:40 +1100,Claremont,'7011,TAS,AU
#1172,44.99,14.45,5.4,59.44,2015-07-23 21:19:27 +1000,Geilston Bay,'7015,TAS,AU
#1132,65.45,11.8,7.02,77.25,2015-05-31 13:01:36 +1000,Hobart,'7050,TAS,AU
#2014,25.49,9.79,3.21,35.28,2017-02-01 10:02:11 +1100,Blackmans Bay,'7052,TAS,AU
#1248,27.6,8,3.24,35.6,2015-11-02 11:20:01 +1100,Taroona,'7053,TAS,AU
#1711,34.99,8,3.91,42.99,2016-10-16 03:06:23 +1100,Youngtown,'7249,TAS,AU
#1873,24.99,8,3,32.99,2016-12-05 09:24:30 +1100,South Launceston,'7250,QLD,AU
#1429,61.54,14.45,6.91,75.99,2016-03-03 10:43:02 +1100,Riverside,'7250,TAS,AU
#1327,59.9,14.45,6.76,74.35,2015-12-05 01:17:36 +1100,"Riverside, TAS",'7250,TAS,AU
#1238,26.95,10.3,3.39,37.25,2015-10-24 11:24:19 +1100,Riverside,'7250,TAS,AU
#1117,34.95,11.8,4.25,46.75,2015-05-07 15:44:52 +1000,Inveresk,'7250,TAS,AU
#1735,24.99,8,3,32.99,2016-11-04 14:24:17 +1100,Bracknell,'7302,TAS,AU
#2021,19.99,13.4,3.04,33.39,2017-02-04 09:52:37 +1100,Shearwater,'7307,TAS,AU
#1279,108.83,30,12.62,138.83,2015-11-18 13:12:02 +1100,Port Sorell,'7307,TAS,AU
#1076,23.95,14.8,3.52,38.75,2015-02-01 13:34:14 +1100,Port Sorell,'7307,TAS,AU